name,sex,length
ကတီငြိန်းစံ,1,4
ကဗြာရှင်းလဲ့မောင်,1,5
ကလြာ,1,2
ကလြာမိုးလှိုင်,1,4
ကေကေခိုင်,1,3
ကေခိုင်စိုး,1,3
ကေခိုင်ဇင်,1,3
ကေခိုင်ထွန်း,1,3
ကေခိုင်နှင်း,1,3
ကေခိုင်လင်းထွန်း,1,4
ကေခိုင်လင်းမြင့်,1,4
ကေခိုင်ဦး,1,3
ကေဇင်ဟန်,1,3
ကေသီ,1,2
ကေသီခိုင်,1,3
ကေသီစိုး,1,3
ကေသီထွန်း,1,3
ကေသီနွယ်,1,3
ကေသီလွင်,1,3
ကေသီလှိုင်,1,3
ကေသီဝင်း,1,3
ကေသီအောင်,1,3
ကေသီဦး,1,3
ကောင်းမြတ်သဥ္ဇာ,1,4
ကောင်းမြတ်သဥ္ဇာမြင့်,1,5
ကြော့ကေခိုင်,1,3
ကြော့ကြော့ခိုင်,1,3
ကြော့စိန်,1,2
ကြော့နန္ဒာလွင်,1,4
ကြီကြီ,1,2
ကြီကြီခင်,1,3
ကြီကြီခိုင်,1,3
ကြီကြီခြို,1,3
ကြီကြီငှေး,1,3
ကြီကြီစိန်,1,3
ကြီကြီစိုး,1,3
ကြီကြီဆန်း,1,3
ကြီကြီဆွေ,1,3
ကြီကြီညွန့်,1,3
ကြီကြီဌေး,1,3
ကြီကြီတင်,1,3
ကြီကြီထက်,1,3
ကြီကြီထွန်း,1,3
ကြီကြီထွေး,1,3
ကြီကြီနွယ်,1,3
ကြီကြီမာ,1,3
ကြီကြီမေ,1,3
ကြီကြီမော်,1,3
ကြီကြီမြ,1,3
ကြီကြီမြင့်,1,3
ကြီကြီရွှေ,1,3
ကြီကြီရှိန်း,1,3
ကြီကြီလွင်,1,3
ကြီကြီလှ,1,3
ကြီကြီလှိုင်,1,3
ကြီကြီဝင်း,1,3
ကြီကြီဝေ,1,3
ကြီကြီသင်း,1,3
ကြီကြီသန်း,1,3
ကြီကြီသိန်း,1,3
ကြီကြီဟန်,1,3
ကြီကြီအုံး,1,3
ကြီကြီအေး,1,3
ကြီကြီဦး,1,3
ကြီကြူ,1,2
ကြီစင်ဝင်းလှိုင်,1,4
ကြီစီ,1,2
ကြီစိန်,1,2
ကြီစွန်း,1,2
ကြီဆန်း,1,2
ကြီဆု,1,2
ကြီညွန့်,1,2
ကြီဌေး,1,2
ကြီတီ,1,2
ကြီထွေး,1,2
ကြီနု,1,2
ကြီနွယ်,1,2
ကြီပို,1,2
ကြီပူ,1,2
ကြီပြာ,1,2
ကြီပြုံး,1,2
ကြီဖြူခိုင်,1,3
ကြီဖြူရှင်းသန့်,1,4
ကြီဖြူသြှင်,1,3
ကြီမေ,1,2
ကြီမြ,1,2
ကြီမြင့်,1,2
ကြီမြိုင်,1,2
ကြီမွေး,1,2
ကြီယုံ,1,2
ကြီရင်,1,2
ကြီရီ,1,2
ကြီရုန်း,1,2
ကြီလေး,1,2
ကြီလဲ့လဲ့ဦး,1,4
ကြီလွန်း,1,2
ကြီလှ,1,2
ကြီလှိုင်,1,2
ကြီဝင်း,1,2
ကြီဝာ,1,2
ကြီဝေ,1,2
ကြီသန်း,1,2
ကြီသာမင်းမွန်,1,4
ကြီသိန်း,1,2
ကြီသီ,1,2
ကြယ်စင်လင်းလက်,1,4
ကြယ်စင်ဝင်း,1,3
ကြယ်စင်ဝင်းလှိုင်,1,4
ကြိုင်ကြိုင်,1,2
ကြိုင်ဝဿုန်ထက်,1,6
ကြူကြူ,1,2
ကြူကြူခင်,1,3
ကြူကြူခိုင်,1,3
ကြူကြူစိန်,1,3
ကြူကြူဆန်း,1,3
ကြူကြူဆွေ,1,3
ကြူကြူမင်း,1,3
ကြူကြူမာ,1,3
ကြူကြူမေ,1,3
ကြူကြူမြင့်,1,3
ကြူကြူရှိန်း,1,3
ကြူကြူလွင်,1,3
ကြူကြူလှ,1,3
ကြူကြူဝင်း,1,3
ကြူကြူသင်း,1,3
ကြူကြူသန်း,1,3
ကြူကြူအောင်,1,3
ကြူကြူအေး,1,3
ကြေးမုံကြော့ဝင်း,1,4
ကြေးမုံသွင်,1,3
ကြွယ်ကြွယ်,1,2
ခင်ကြီမြင့်,1,3
ခင်ကြူ,1,2
ခင်ကြူကြူ,1,3
ခင်ကြွယ်,1,2
ခင်ခင်,1,2
ခင်ခင်ကြီ,1,3
ခင်ခင်ကြီး,1,3
ခင်ခင်ကြူ,1,3
ခင်ခင်ခြို,1,3
ခင်ခင်ငယ်သွေး,1,4
ခင်ခင်ငြိန်း,1,3
ခင်ခင်စီ,1,3
ခင်ခင်စိန်,1,3
ခင်ခင်စိုး,1,3
ခင်ခင်စော,1,3
ခင်ခင်ဆန်း,1,3
ခင်ခင်ဆု,1,3
ခင်ခင်ဆွေ,1,3
ခင်ခင်ညို,1,3
ခင်ခင်ညွန့်,1,3
ခင်ခင်ဌေး,1,3
ခင်ခင်တင့်,1,3
ခင်ခင်ထက်,1,3
ခင်ခင်ထား,1,3
ခင်ခင်ထွန်း,1,3
ခင်ခင်ထွေး,1,3
ခင်ခင်နု,1,3
ခင်ခင်နွယ်,1,3
ခင်ခင်ပြုံး,1,3
ခင်ခင်မိုး,1,3
ခင်ခင်မော်,1,3
ခင်ခင်မြိုး,1,3
ခင်ခင်မြ,1,3
ခင်ခင်မြင့်,1,3
ခင်ခင်ယု,1,3
ခင်ခင်ရီ,1,3
ခင်ခင်ရဲ,1,3
ခင်ခင်ရွှေ,1,3
ခင်ခင်ရှိန်,1,3
ခင်ခင်လက်,1,3
ခင်ခင်လေး,1,3
ခင်ခင်လှ,1,3
ခင်ခင်ဝင်း,1,3
ခင်ခင်ဝေ,1,3
ခင်ခင်သန်း,1,3
ခင်ခင်သိန်း,1,3
ခင်ခင်သောင်း,1,3
ခင်ခင်အုံး,1,3
ခင်ခင်အေး,1,3
ခင်ခင်ဦး,1,3
ခင်ခြန်းမြေ့ထွန်း,1,4
ခင်ခြယ်စုစံ,1,4
ခင်ခြိုခန့်,1,3
ခင်ခြိုခြို,1,3
ခင်ခြိုခြိုဦး,1,4
ခင်ခြိုမြင့်,1,3
ခင်ခြိုလွင်,1,3
ခင်ခြိုဝင်း,1,3
ခင်ခြိုသက်,1,3
ခင်ခြိုဦး,1,3
ခင်ခြောခြောမေ,1,4
ခင်ခြောစုယဉ်,1,4
ခင်ငြိန်းခန့်,1,3
ခင်ငြိန်းခြန်း,1,3
ခင်ငြိန်းခြန်းကြော်,1,4
ခင်ငြိန်းငြိန်း,1,3
ခင်စီ,1,2
ခင်စန္ဒာ,1,3
ခင်စန္ဒာကြော်,1,4
ခင်စန္ဒာမြင့်,1,4
ခင်စန္ဒာဝင်း,1,4
ခင်စိန်မြင့်,1,3
ခင်စိန်ဝင်း,1,3
ခင်စိုးစိုး,1,3
ခင်စိုးထွက်,1,3
ခင်စိုးမိုးဝင်း,1,4
ခင်စိုးမြင့်,1,3
ခင်စိုးရီ,1,3
ခင်စိုးလွင်,1,3
ခင်စိုးဝင်း,1,3
ခင်စုစုဝင်း,1,4
ခင်စုထက်,1,3
ခင်စုမွန်,1,3
ခင်စူ,1,2
ခင်စောနွယ်,1,3
ခင်စောနှင်း,1,3
ခင်စောမူ,1,3
ခင်စောမြင့်,1,3
ခင်စောရီ,1,3
ခင်စောလွင်,1,3
ခင်စောလှ,1,3
ခင်စောဝင်း,1,3
ခင်စောဝေ,1,3
ခင်စောဦး,1,3
ခင်စံပယ်ဦး,1,4
ခင်ဆင့်,1,2
ခင်ဆန်း,1,2
ခင်ဆန်းကြီ,1,3
ခင်ဆန်းကြူ,1,3
ခင်ဆန်းဆန်း,1,3
ခင်ဆန်းညွန့်,1,3
ခင်ဆန်းဌေး,1,3
ခင်ဆန်းတင်,1,3
ခင်ဆန်းတင့်,1,3
ခင်ဆန်းထွေး,1,3
ခင်ဆန်းနွယ်,1,3
ခင်ဆန်းမူ,1,3
ခင်ဆန်းမေ,1,3
ခင်ဆန်းမော်,1,3
ခင်ဆန်းမြင့်,1,3
ခင်ဆန်းယု,1,3
ခင်ဆန်းရင်,1,3
ခင်ဆန်းရီ,1,3
ခင်ဆန်းရဲ,1,3
ခင်ဆန်းရွှေ,1,3
ခင်ဆန်းလင်း,1,3
ခင်ဆန်းလွင်,1,3
ခင်ဆန်းလှိုင်,1,3
ခင်ဆန်းဝင်း,1,3
ခင်ဆန်းဝေ,1,3
ခင်ဆန်းအေး,1,3
ခင်ဆန်းဦး,1,3
ခင်ဆု,1,2
ခင်ဆုဆု,1,3
ခင်ဆုလှိုင်,1,3
ခင်ဆုဝင်း,1,3
ခင်ဆုဝေ,1,3
ခင်ဆွေတင့်,1,3
ခင်ဆွေမြင့်,1,3
ခင်ဆွေယု,1,3
ခင်ဆွေရီ,1,3
ခင်ဆွေလှိုင်,1,3
ခင်ဆွေဝင်း,1,3
ခင်ဆွေသန်း,1,3
ခင်ဆွေသိန်း,1,3
ခင်ဆွေအေး,1,3
ခင်ဆွေဦး,1,3
ခင်ဇာစိုး,1,3
ခင်ဇာလီထွန်း,1,4
ခင်ညိုညို,1,3
ခင်ညိုဝင်း,1,3
ခင်ညွန့်ညွန့်,1,3
ခင်ညွန့်ရီ,1,3
ခင်ညွန့်ဝေ,1,3
ခင်ဌေးကြီ,1,3
ခင်ဌေးနွယ်,1,3
ခင်ဌေးမော်,1,3
ခင်ဌေးမြင့်,1,3
ခင်ဌေးရီ,1,3
ခင်ဌေးလှိုင်,1,3
ခင်ဌေးဝင်း,1,3
ခင်ဌေးဦး,1,3
ခင်တင့်,1,2
ခင်တိုးမြင့်,1,3
ခင်တုတ်,1,2
ခင်ထက်ထက်အောင်,1,4
ခင်ထား,1,2
ခင်ထားမြင့်,1,3
ခင်ထားရီ,1,3
ခင်ထားဦး,1,3
ခင်ထူး,1,2
ခင်ထွေးကြီ,1,3
ခင်ထွေးမြင့်,1,3
ခင်ထွေးရီ,1,3
ခင်ထွေးရဲ,1,3
ခင်နန်းမူ,1,3
ခင်နီ,1,2
ခင်နီလာစိုးမိုး,1,5
ခင်နု,1,2
ခင်နုနု,1,3
ခင်နွယ်,1,2
ခင်နွယ်နွယ်,1,3
ခင်နွယ်နွယ်စိုး,1,4
ခင်နွယ်မူ,1,3
ခင်နွယ်မြင့်,1,3
ခင်နွယ်ရီ,1,3
ခင်နွယ်ဝင်း,1,3
ခင်နွယ်အေး,1,3
ခင်နွယ်ဦး,1,3
ခင်နှင်း,1,2
ခင်နှင်းကြီ,1,3
ခင်နှင်းကြီသာ,1,4
ခင်နှင်းစီ,1,3
ခင်နှင်းဆွေ,1,3
ခင်နှင်းဖြူ,1,3
ခင်နှင်းယု,1,3
ခင်နှင်းရီ,1,3
ခင်နှင်းလွင်,1,3
ခင်နှင်းဝေ,1,3
ခင်နှင်းအေး,1,3
ခင်နှင်းဦး,1,3
ခင်ပန်းခြီ,1,3
ခင်ပို,1,2
ခင်ပိုးအိဇော်,1,4
ခင်ပူ,1,2
ခင်ပြုံး,1,2
ခင်ပြုံးကြီ,1,3
ခင်ပြုံးပြုံး,1,3
ခင်ပြုံးရီ,1,3
ခင်ပြုံးရွှေ,1,3
ခင်ပြုံးဝင်း,1,3
ခင်ဖုန်း,1,2
ခင်ဖုန်းမြင့်,1,3
ခင်ဖြူ,1,2
ခင်ဖြူဇင်ထိုက်,1,4
ခင်ဖြူဖြူ,1,3
ခင်ဖြူဝင်း,1,3
ခင်မ,1,2
ခင်မကြီး,1,3
ခင်မမ,1,3
ခင်မမစိုး,1,4
ခင်မလေး,1,3
ခင်မာ,1,2
ခင်မာကြီ,1,3
ခင်မာကြူ,1,3
ခင်မာခြို,1,3
ခင်မာစီ,1,3
ခင်မာစန်း,1,3
ခင်မာစိန်,1,3
ခင်မာစိုး,1,3
ခင်မာဆွေ,1,3
ခင်မာညို,1,3
ခင်မာဌေး,1,3
ခင်မာတင်,1,3
ခင်မာထွေး,1,3
ခင်မာနွယ်,1,3
ခင်မာမာ,1,3
ခင်မာမြင့်,1,3
ခင်မာရီ,1,3
ခင်မာရွှေ,1,3
ခင်မာလာ,1,3
ခင်မာလာကြော်,1,4
ခင်မာလေး,1,3
ခင်မာလွင်,1,3
ခင်မာဝေ,1,3
ခင်မာသန်း,1,3
ခင်မာသီ,1,3
ခင်မာသွင်,1,3
ခင်မာအေး,1,3
ခင်မာဦး,1,3
ခင်မာဝင်း,1,3
ခင်မို့မို့,1,3
ခင်မို့မို့ဟန်,1,4
ခင်မိုးဆွေ,1,3
ခင်မိုးမိုး,1,3
ခင်မိုးမြင့်,1,3
ခင်မိုးလွင်,1,3
ခင်မိုးသူ,1,3
ခင်မိုးအေး,1,3
ခင်မီ,1,2
ခင်မီမီ,1,3
ခင်မီမီလှိုင်,1,4
ခင်မူ,1,2
ခင်မူမူ,1,3
ခင်မူအေး,1,3
ခင်မေ,1,2
ခင်မေကြီ,1,3
ခင်မေကြီး,1,3
ခင်မေခြစ်,1,3
ခင်မေစီ,1,3
ခင်မေစိန်,1,3
ခင်မေစိုး,1,3
ခင်မေဇော်,1,3
ခင်မေညွန့်,1,3
ခင်မေဌေး,1,3
ခင်မေတင်,1,3
ခင်မေမြင့်,1,3
ခင်မေယု,1,3
ခင်မေရီ,1,3
ခင်မေလင်း,1,3
ခင်မေလွင်,1,3
ခင်မေလှ,1,3
ခင်မေဝင်း,1,3
ခင်မေသက်,1,3
ခင်မေသန်း,1,3
ခင်မေသိန်း,1,3
ခင်မေသီ,1,3
ခင်မေအုံး,1,3
ခင်မေအောင်,1,3
ခင်မေအေး,1,3
ခင်မေဦး,1,3
ခင်မြိုး,1,2
ခင်မြိုးကြီ,1,3
ခင်မြိုးခိုင်,1,3
ခင်မြိုးခြစ်,1,3
ခင်မြိုးဆွေ,1,3
ခင်မြိုးညွန့်,1,3
ခင်မြိုးတင့်,1,3
ခင်မြိုးတင့်,1,3
ခင်မြိုးနွယ်,1,3
ခင်မြိုးမြင့်,1,3
ခင်မြိုးမြတ်,1,3
ခင်မြိုးရီ,1,3
ခင်မြိုးလှ,1,3
ခင်မြိုးဝင်း,1,3
ခင်မြိုးသက်,1,3
ခင်မြိုးသန့်,1,3
ခင်မြိုးသူ,1,3
ခင်မြိုးအေး,1,3
ခင်မြိုးဦး,1,3
ခင်မြင့်ကြီ,1,3
ခင်မြင့်ဆွေ,1,3
ခင်မြင့်ထွေး,1,3
ခင်မြင့်မေ,1,3
ခင်မြင့်မော်,1,3
ခင်မြင့်မြင့်,1,3
ခင်မြင့်ရီ,1,3
ခင်မြင့်ဝင်း,1,3
ခင်မြင့်ဝေ,1,3
ခင်မြင့်သန်း,1,3
ခင်မြင့်အေး,1,3
ခင်မြင့်ဦး,1,3
ခင်မြစိန်,1,3
ခင်မြတ်ဆွေ,1,3
ခင်မြတ်နိုးထက်,1,4
ခင်မြတ်နိုးဦး,1,4
ခင်မြတ်နွယ်,1,3
ခင်မြတ်မူ,1,3
ခင်မြတ်မွန်,1,3
ခင်မြတ်သက်,1,3
ခင်မြတ်သူ,1,3
ခင်မြမူ,1,3
ခင်မြမြ,1,3
ခင်မြမွန်,1,3
ခင်မြဝင်း,1,3
ခင်မြဝေ,1,3
ခင်မြသန်း,1,3
ခင်မြသွေး,1,3
ခင်မြအေး,1,3
ခင်မြဦး,1,3
ခင်မြိုင်,1,2
ခင်မွေး,1,2
ခင်ယု,1,2
ခင်ယုမေ,1,3
ခင်ယုဝေ,1,3
ခင်ရတနာကြော်,1,5
ခင်ရတနာမြင့်,1,5
ခင်ရီ,1,2
ခင်ရီမြင့်,1,3
ခင်ရုန်း,1,2
ခင်ရဲ,1,2
ခင်ရွှေဝင်း,1,3
ခင်ရွှေဦး,1,3
ခင်လင်းဦး,1,3
ခင်လပြည့်ထွန်း,1,4
ခင်လိမ္မာ,1,3
ခင်လေး,1,2
ခင်လေးကြီ,1,3
ခင်လေးကြူ,1,3
ခင်လေးဆွေ,1,3
ခင်လေးနွယ်,1,3
ခင်လေးမော်,1,3
ခင်လေးမြင့်,1,3
ခင်လေးယု,1,3
ခင်လေးရီ,1,3
ခင်လေးဝင်း,1,3
ခင်လှကြီ,1,3
ခင်လှစိန်,1,3
ခင်လှတင်,1,3
ခင်လှမူ,1,3
ခင်လှမြင့်,1,3
ခင်လှမြိုင်,1,3
ခင်လှရီ,1,3
ခင်လှလှ,1,3
ခင်လှဝင်း,1,3
ခင်လှဝေ,1,3
ခင်လှအေး,1,3
ခင်လှဦး,1,3
ခင်ဝင့်ဝာ,1,3
ခင်ဝင်း,1,2
ခင်ဝင်းကြီ,1,3
ခင်ဝင်းကြူ,1,3
ခင်ဝင်းစိန်,1,3
ခင်ဝင်းဆွေ,1,3
ခင်ဝင်းတင့်,1,3
ခင်ဝင်းနွယ်,1,3
ခင်ဝင်းမာ,1,3
ခင်ဝင်းမေ,1,3
ခင်ဝင်းမော်,1,3
ခင်ဝင်းမြင့်,1,3
ခင်ဝင်းရီ,1,3
ခင်ဝင်းရွှေ,1,3
ခင်ဝင်းဝင်း,1,3
ခင်ဝာ,1,2
ခင်ဝာဝာ,1,3
ခင်ဝိုင်း,1,2
ခင်ဝေ,1,2
ခင်ဝေယံ,1,3
ခင်သက်,1,2
ခင်သက်ဆွေ,1,3
ခင်သက်တင်,1,3
ခင်သက်နွယ်,1,3
ခင်သက်ဝေ,1,3
ခင်သစ္စာကြော်,1,4
ခင်သန္တာ,1,3
ခင်သန္တာစိုး,1,4
ခင်သန့်ဇင်,1,3
ခင်သန်းကြီ,1,3
ခင်သန်းစီ,1,3
ခင်သန်းစိန်,1,3
ခင်သန်းဆု,1,3
ခင်သန်းဆွေ,1,3
ခင်သန်းညွန့်,1,3
ခင်သန်းဌေး,1,3
ခင်သန်းတင်,1,3
ခင်သန်းထွေး,1,3
ခင်သန်းနိုင်,1,3
ခင်သန်းနု,1,3
ခင်သန်းနွယ်,1,3
ခင်သန်းနွဲ့,1,3
ခင်သန်းမြင့်,1,3
ခင်သန်းယု,1,3
ခင်သန်းရင်,1,3
ခင်သန်းရီ,1,3
ခင်သန်းရွှေ,1,3
ခင်သန်းလွင်,1,3
ခင်သန်းလှ,1,3
ခင်သန်းဝင်း,1,3
ခင်သန်းဝေ,1,3
ခင်သန်းအေး,1,3
ခင်သန်းဦး,1,3
ခင်သိန်း,1,2
ခင်သိန်းမြင့်,1,3
ခင်သိန်းရီ,1,3
ခင်သိန်းဝင်း,1,3
ခင်သိန်းအေး,1,3
ခင်သိန်းဦး,1,3
ခင်သီ,1,2
ခင်သီတာ,1,3
ခင်သီတာစိုး,1,4
ခင်သီတာထွန်း,1,4
ခင်သီတာလွင်,1,4
ခင်သီတာဝင်း,1,4
ခင်သီတာသိမ့်,1,4
ခင်သီတာအေး,1,4
ခင်သီရိခေတ်,1,4
ခင်သီရိဇွန်,1,4
ခင်သီရိနိုင်,1,4
ခင်သူ,1,2
ခင်သူဇာ,1,3
ခင်သူဇာဝင်း,1,4
ခင်အိ,1,2
ခင်အုံးကြီ,1,3
ခင်အုံးမြင့်,1,3
ခင်အုံးရီ,1,3
ခင်အေးကြော်,1,3
ခင်အေးကြီ,1,3
ခင်အေးကြူ,1,3
ခင်အေးခြို,1,3
ခင်အေးဆွေ,1,3
ခင်အေးတင့်,1,3
ခင်အေးနွယ်,1,3
ခင်အေးမူ,1,3
ခင်အေးမော်,1,3
ခင်အေးမြင့်,1,3
ခင်အေးမွန်,1,3
ခင်အေးရီ,1,3
ခင်အေးလွင်,1,3
ခင်အေးဝင်း,1,3
ခင်အေးသန်း,1,3
ခင်အေးသာ,1,3
ခင်အေးသီ,1,3
ခင်ဥမ္မာ,1,3
ခင်ဦးမေ,1,3
ခတ္တာ,1,2
ခရေ,1,2
ခိုင်ခိုင်,1,2
ခိုင်ခိုင်စိုး,1,3
ခိုင်ခိုင်ညွန့်,1,3
ခိုင်ခိုင်ထွန်း,1,3
ခိုင်ခိုင်မာ,1,3
ခိုင်ခိုင်မြင့်,1,3
ခိုင်ခိုင်ဝင်း,1,3
ခိုင်ခိုင်ဝေ,1,3
ခိုင်ခိုင်ဦး,1,3
ခိုင်ခြောစုဟန်,1,4
ခိုင်ငြိန်းဝေ,1,3
ခိုင်စုမြင့်မွန်,1,4
ခိုင်စုမွန်,1,3
ခိုင်ဇင်ဆွေ,1,3
ခိုင်ဇင်ဇင်သင်း,1,4
ခိုင်ဇင်ဖြိုး,1,3
ခိုင်ဇင်ဝေ,1,3
ခိုင်ဇင်သူ,1,3
ခိုင်ဇင်သော်,1,3
ခိုင်ဇာခြီ,1,3
ခိုင်ဇာမော်မော်,1,4
ခိုင်ဇာဝင့်,1,3
ခိုင်ဇော်,1,2
ခိုင်နန္ဒာလင်း,1,4
ခိုင်နှင်း,1,2
ခိုင်နှင်းဝေ,1,3
ခိုင်ပပမိုး,1,4
ခိုင်မီမီဇော်,1,4
ခိုင်မီမီဖြိုး,1,4
ခိုင်ယုအောင်,1,3
ခိုင်ဝင့်ဝာသော်,1,4
ခိုင်ဝာ,1,2
ခိုင်ဝေလွင်,1,3
ခိုင်သင်ဇာ,1,3
ခိုင်သင်ဇာစိုး,1,4
ခိုင်သဇင်,1,3
ခိုင်သဇင်ကြော်,1,4
ခိုင်သဇင်စိုး,1,4
ခိုင်သဇင်နွယ်,1,4
ခိုင်သဇင်ဖြူ,1,4
ခိုင်သဇင်သက်,1,4
ခိုင်သန္တာမွန်,1,4
ခိုင်သိင်္ဂီမော်,1,4
ခိုင်သီရိ,1,3
ခိုင်သူဇာဝေ,1,4
ခြစ်ခြစ်,1,2
ခြစ်ခြစ်ဇော်,1,3
ခြစ်ခွန်းခြို,1,3
ခြစ်စုရီ,1,3
ခြစ်စုဝင်း,1,3
ခြစ်စုသွယ်,1,3
ခြစ်စုသွေး,1,3
ခြစ်ဆုရီ,1,3
ခြစ်ဇွဲသာ,1,3
ခြစ်ဖြိုးဖြိုးဝေ,1,4
ခြစ်မေ,1,2
ခြစ်ရွှေရီ,1,3
ခြစ်ဝဿုန်ကြော်,1,6
ခြစ်သက်ဝေ,1,3
ခြစ်သီရိဟန်,1,4
ခြစ်သုဝေ,1,3
ခြန်းခြန်း,1,2
ခြန်းခြန်းပိုင်,1,3
ခြန်းမြတ်သီရိသူ,1,5
ခြန်းမြေကြီ,1,3
ခြန်းမြေ့ကြီသာ,1,4
ခြန်းမြေ့ခိုင်,1,3
ခြန်းမြေ့သန္တာဆွေ,1,5
ခြန်းသီရိ,1,3
ခြယ်ရီ,1,2
ခြယ်ရီခင်,1,3
ခြယ်ရီခိုင်စိုး,1,4
ခြယ်ရီဖြူ,1,3
ခြယ်ရီမြိုး,1,3
ခြယ်ရီမြင့်အောင်,1,4
ခြယ်ရီလင်းလက်ခြို,1,5
ခြယ်ရီဝင်းလွင်,1,4
ခြယ်ရီအောင်ညွန့်,1,4
ခြိန့်စန္ဒီ,1,3
ခြိုခြို,1,2
ခြိုခြိုခင်,1,3
ခြိုခြိုခိုင်,1,3
ခြိုခြိုဆန်း,1,3
ခြိုခြိုညွန့်,1,3
ခြိုခြိုတင်,1,3
ခြိုခြိုထွန်း,1,3
ခြိုခြိုထွေး,1,3
ခြိုခြိုနိုင်,1,3
ခြိုခြိုပြုံး,1,3
ခြိုခြိုမာ,1,3
ခြိုခြိုမော်,1,3
ခြိုခြိုမြင့်,1,3
ခြိုခြိုလေး,1,3
ခြိုခြိုလွင်,1,3
ခြိုခြိုဝင်း,1,3
ခြိုခြိုသက်,1,3
ခြိုခြိုသင်း,1,3
ခြိုခြိုသန်း,1,3
ခြိုခြိုသိန်း,1,3
ခြိုခြိုအောင်,1,3
ခြိုခြိုအေး,1,3
ခြိုခြိုဦး,1,3
ခြိုဇင်,1,2
ခြိုဇင်စု,1,3
ခြိုဇင်နွယ်ထွန်း,1,4
ခြိုဇင်မာဝင်း,1,4
ခြိုဇင်မွန်,1,3
ခြိုနွယ်ဦး,1,3
ခြိုမာ,1,2
ခြိုမာဌေး,1,3
ခြိုမာလွင်,1,3
ခြိုမာဦး,1,3
ခြိုမီဟန်,1,3
ခြိုယဉ်လဲ့,1,3
ခြိုလေးမာ,1,3
ခြိုသီ,1,2
ခြူးခြူးဟန်နီဇော်,1,5
ခြူးဝတ်ရီကြော်,1,4
ခြူးသက်နွယ်,1,3
ခြူးဟေဇယ်ယွန်း,1,4
ခြူးအိန်စံ,1,3
ခြောကလြာ,1,3
ခြောကလြာထက်,1,4
ခြောခြောထားနွယ်,1,4
ခြောငယ်ငယ်ဟိန်း,1,4
ခြောစုခင်,1,3
ခြောစုငယ်,1,3
ခြောစုလွင်,1,3
ခြောစုလှိုင်,1,3
ခြောစုသူဇာ,1,4
ခြောစုဝေ,1,3
ခြောထင်ကြော်စံ,1,4
ခြောမို့မို့ခန့်,1,4
ခြောမြတ်သီရိ,1,4
ခြောရတနာ,1,4
ခြောရတနာလွင်,1,5
ခြောအိအိထူး,1,4
ခြော်,1,1
ခြော်ခြော်,1,2
ခြော်ဆု,1,2
ခြော်ဆုလွင်,1,3
ခြော်ဆုလှိုင်,1,3
ခြူးစန္ဒီ,1,3
ခြူးမြတ်,1,2
ခြူးရနံ့,1,3
ခြူးလေး,1,2
ခြူးသီရိ,1,3
ခြူးသီရိဇော်,1,4
ခြူးသီရိနွယ်,1,4
ခြူးသီရိမောင်,1,4
ခွန်းခြိုသာ,1,3
ခွန်းရွှေဆက်နွေး,1,4
ခွာညို,1,2
ဂြူးသက်ခြယ်,1,3
ဂြူးသက်ဇင်,1,3
ငြိန်းငြိန်း,1,2
ငြိန်းငြိန်းမြင့်,1,3
ငြိန်းငြိန်းဝင်း,1,3
ငြိန်းငြိန်းအေး,1,3
ငြိန်းတင်,1,2
ငြိန်းမို့မို့လွင်,1,4
ငြိန်းရင်,1,2
ငြိန်းအိန္ဒြာပို,1,4
ငြိန်းအေး,1,2
ငြိန်းအေးလှိုင်,1,3
ငွေကြီ,1,2
ငွေခင်,1,2
ငွေစင်လင်းလက်,1,4
ငွေစိန်,1,2
ငွေနှင်းမြူ,1,3
ငွေမှုန်ရတီ,1,4
ငွေရင်,1,2
ငွေရီ,1,2
စကား,1,2
စကားဝာ,1,3
စီ,1,1
စီစီ,1,2
စီစီမာ,1,3
စီစီမြင့်,1,3
စီစီလွင်,1,3
စီစီဝင်း,1,3
စီစီသန်း,1,3
စန္ဒကူး,1,3
စန္ဒာ,1,2
စန္ဒာကြော်,1,3
စန္ဒာကြီ,1,3
စန္ဒာခင်,1,3
စန္ဒာခြို,1,3
စန္ဒာစိုး,1,3
စန္ဒာတင်,1,3
စန္ဒာထွန်း,1,3
စန္ဒာထွေး,1,3
စန္ဒာမင်း,1,3
စန္ဒာမိုး,1,3
စန္ဒာမြင့်,1,3
စန္ဒာလင်း,1,3
စန္ဒာလွင်,1,3
စန္ဒာဝင်း,1,3
စန္ဒာသန်း,1,3
စန္ဒာအောင်,1,3
စန္ဒာအေး,1,3
စန္ဒာဦး,1,3
စန္ဒီစိုးထက်,1,4
စန္ဒီထွန်း,1,3
စန္ဒီဖူးဝေ,1,4
စန္ဒီမိုးမြင့်,1,4
စန္ဒီမောင်,1,3
စန်းစန်းဌေး,1,3
စန်းစန်းမြင့်,1,3
စန်းစန်းဝင်း,1,3
စန်းအိဖြူ,1,3
စိန်ကြီ,1,2
စိန်ခင်,1,2
စိန်စိန်,1,2
စိန်စိန်ဌေး,1,3
စိန်စိန်မြင့်,1,3
စိန်စိန်ရီ,1,3
စိန်စိန်ဝင်း,1,3
စိန်စိန်အေး,1,3
စိန်နွယ်,1,2
စိန်မေ,1,2
စိန်မွေး,1,2
စိန်ယမင်းအောင်,1,4
စိန်သီ,1,2
စိမ့်ဝင်းရီ,1,3
စိုးစန္ဒာလင်း,1,4
စိုးစိုးခိုင်,1,3
စိုးစိုးငြိန်း,1,3
စိုးစိုးညွန့်,1,3
စိုးစိုးထွန်း,1,3
စိုးစိုးနွယ်,1,3
စိုးစိုးမာ,1,3
စိုးစိုးမူ,1,3
စိုးစိုးမေ,1,3
စိုးစိုးမော်,1,3
စိုးစိုးမြင့်,1,3
စိုးစိုးရီ,1,3
စိုးစိုးလွင်,1,3
စိုးစိုးလှိုင်,1,3
စိုးစိုးဝင်း,1,3
စိုးစိုးသန်း,1,3
စိုးစိုးအောင်,1,3
စိုးစိုးအေး,1,3
စိုးစိုးဦး,1,3
စိုးပပဝင်းဇော်,1,5
စိုးပြည့်,1,2
စိုးပြည့်ကလြာ,1,4
စိုးပြည့်သဇင်,1,4
စိုးမြတ်နန္ဒာ,1,4
စိုးမြတ်နိုးထွန်း,1,4
စိုးမြတ်သူဇာ,1,4
စုစုခိုင်,1,3
စုစုစံ,1,3
စုစုမောင်,1,3
စုစုလှိုင်,1,3
စုစုဝေ,1,3
စုစုအောင်,1,3
စုထက်ထက်အောင်,1,4
စုပြည့်,1,2
စုပြည့်ဌေး,1,3
စုပြည့်နိုင်,1,3
စုပြည့်ဝင်း,1,3
စုပြီ့,1,2
စုမောင်,1,2
စုမြတ်ထက်,1,3
စုမြတ်နန္ဒာအောင်,1,5
စုမြတ်ဖြူ,1,3
စုယမင်းနိုင်,1,4
စုယမင်းအောင်,1,4
စုယမင်းဦး,1,4
စုရီမောင်,1,3
စုရီအောင်,1,3
စုလင်းမာလာအောင်,1,5
စုလှိုင်,1,2
စုလှိုင်နှင်း,1,3
စုသန္တာနွယ်,1,4
စုအိန္ဒြေလှိုင်,1,4
စောကလြာဝင်း,1,4
စောကေသီ,1,3
စောကြီ,1,2
စောစန္ဒာ,1,3
စောစော,1,2
စောတင်,1,2
စောနှင်းဝေ,1,3
စောပြည့်ရတနာ,1,5
စောမူ,1,2
စောမေ,1,2
စောမြ,1,2
စောယုမွန်,1,3
စောရင်,1,2
စောရီ,1,2
စောရှင်း,1,2
စောလှနွယ်,1,3
စောသန်း,1,2
စောသြှင်မေ,1,3
စံပယ်ညို,1,3
စံပယ်မွှေး,1,3
စံပာယ်,1,2
စံပာယ်အောင်,1,3
ဆန်းကြီ,1,2
ဆန်းကြူ,1,2
ဆန်းဆန်း,1,2
ဆန်းဆန်းကြော်,1,3
ဆန်းဆန်းကြီ,1,3
ဆန်းဆန်းကြူ,1,3
ဆန်းဆန်းခိုင်,1,3
ဆန်းဆန်းခြို,1,3
ဆန်းဆန်းငွေ,1,3
ဆန်းဆန်းဆွေ,1,3
ဆန်းဆန်းညွန့်,1,3
ဆန်းဆန်းဌေး,1,3
ဆန်းဆန်းတင်,1,3
ဆန်းဆန်းတင့်,1,3
ဆန်းဆန်းထွန်း,1,3
ဆန်းဆန်းထွေး,1,3
ဆန်းဆန်းနိုင်,1,3
ဆန်းဆန်းနု,1,3
ဆန်းဆန်းနွယ်,1,3
ဆန်းဆန်းမင်း,1,3
ဆန်းဆန်းမိုး,1,3
ဆန်းဆန်းမူ,1,3
ဆန်းဆန်းမေ,1,3
ဆန်းဆန်းမော်,1,3
ဆန်းဆန်းမြ,1,3
ဆန်းဆန်းမြင့်,1,3
ဆန်းဆန်းမြိုင်,1,3
ဆန်းဆန်းယု,1,3
ဆန်းဆန်းရင်,1,3
ဆန်းဆန်းရီ,1,3
ဆန်းဆန်းရွှေ,1,3
ဆန်းဆန်းလွင်,1,3
ဆန်းဆန်းလှ,1,3
ဆန်းဆန်းလှိုင်,1,3
ဆန်းဆန်းဝင်း,1,3
ဆန်းဆန်းဝေ,1,3
ဆန်းဆန်းသိန်း,1,3
ဆန်းဆန်းအောင်,1,3
ဆန်းဆန်းအေး,1,3
ဆန်းဆန်းဦး,1,3
ဆန်းဒာ,1,2
ဆန်းနု,1,2
ဆန်းနွယ်,1,2
ဆန်းနွဲ့,1,2
ဆန်းမေ,1,2
ဆန်းမြင့်ကြီ,1,3
ဆန်းမွေး,1,2
ဆန်းယုမေ,1,3
ဆန်းယုမော်,1,3
ဆန်းရဲ,1,2
ဆန်းသီ,1,2
ဆန်းသီတာ,1,3
ဆု,1,1
ဆုဆု,1,2
ဆုဆုကြီ,1,3
ဆုဆုခင်,1,3
ဆုဆုခိုင်,1,3
ဆုဆုတင်,1,3
ဆုဆုထွေး,1,3
ဆုဆုနိုင်,1,3
ဆုဆုမော်,1,3
ဆုဆုမြင့်,1,3
ဆုဆုမွန်,1,3
ဆုဆုရီ,1,3
ဆုဆုလွင်,1,3
ဆုဆုလှိုင်,1,3
ဆုဆုဝင်း,1,3
ဆုဆုဝေ,1,3
ဆုဆုသန်း,1,3
ဆုဆုသိန်း,1,3
ဆုဆုအောင်,1,3
ဆုဆုအေး,1,3
ဆုပန်ထွာ,1,3
ဆုပိုပို,1,3
ဆုပိုပိုမောင်,1,4
ဆုမြင့်မြတ်အောင်,1,4
ဆုမြတ်ခိုင်,1,3
ဆုမြတ်နိုး,1,3
ဆုမြတ်နိုးဦး,1,4
ဆုမြတ်မိုး,1,3
ဆုမြတ်မွန်,1,3
ဆုမြတ်ဝတီ,1,4
ဆုမြတ်သက်,1,3
ဆုမြတ်သန်းလွင်အောင်,1,5
ဆုရီမွန်,1,3
ဆုရတီလင်း,1,4
ဆုလဲ့ရီ,1,3
ဆုလဲ့လဲ့နိုင်,1,4
ဆုလှိုင်,1,2
ဆုဝတီ,1,3
ဆုဝတ်ရီ,1,3
ဆုဝေနှင်း,1,3
ဆုဝေလှိုင်,1,3
ဆုသက်ညိုအောင်,1,4
ဆုသင်ဇာခင်,1,4
ဆုသဇင်ထွန်း,1,4
ဆုသန့်ဖြူစင်,1,4
ဆုသဥ္ဇာအောင်,1,4
ဆုသီရိ,1,3
ဆူးရနံ့,1,3
ဆူးရနံ့သင်း,1,4
ဆောင်းနှင်းဖြူ,1,3
ဆောင်းမိုးပွင့်,1,3
ဆောင်းသီရိ,1,3
ဆောင်းဟေမာန်,1,3
ဆွေဆွေ,1,2
ဆွေဆွေညွန့်,1,3
ဆွေဆွေတင်,1,3
ဆွေဆွေနွယ်,1,3
ဆွေဆွေမော်,1,3
ဆွေဆွေမြင့်,1,3
ဆွေဆွေမွန်,1,3
ဆွေဆွေလွင်,1,3
ဆွေဆွေလှ,1,3
ဆွေဆွေဝင်း,1,3
ဆွေဆွေသင်း,1,3
ဆွေဆွေသန်း,1,3
ဆွေဆွေသိန်း,1,3
ဆွေဆွေအောင်,1,3
ဆွေဆွေအေး,1,3
ဆွေဆွေဦး,1,3
ဆွေဇင်လဲ့,1,3
ဆွေဇင်ဝင်း,1,3
ဆွေရင်,1,2
ဇင်စန္ဒာလွင်,1,4
ဇင်ဇင်ဇော်မြင့်,1,4
ဇင်ဇင်ဇော်မြင့်,1,4
ဇင်ဇင်မာ,1,3
ဇင်ဇင်မြိုး,1,3
ဇင်ဇင်သိန်း,1,3
ဇင်ပွင့်ဖြူ,1,3
ဇင်မာ,1,2
ဇင်မာစိုး,1,3
ဇင်မာတင်ဝင်း,1,4
ဇင်မာထွန်း,1,3
ဇင်မာမြင့်,1,3
ဇင်မာလာနွယ်,1,4
ဇင်မာလွင်,1,3
ဇင်မာဝင်း,1,3
ဇင်မာအောင်,1,3
ဇင်မာဦး,1,3
ဇင်မီမီဇော်,1,4
ဇင်မီမီထက်,1,4
ဇင်မီမီထွဋ်,1,4
ဇင်မီမီသော်,1,4
ဇင်မေ,1,2
ဇင်မေသူအောင်,1,4
ဇင်မေဦး,1,3
ဇင်လဲ့ဖြူ,1,3
ဇင်ဝာလှိုင်,1,3
ဇင်ဝေဝေဖြိုး,1,4
ဇာခြီခြို,1,3
ဇာခြီဖြိုး,1,3
ဇာခြီမိုး,1,3
ဇာခြီရဲထွန်း,1,4
ဇာခြီလင်း,1,3
ဇာခြီဝင်း,1,3
ဇာခြီသိန်း,1,3
ဇာဇာမွန်,1,3
ဇာနီဝင့်ဝာ,1,4
ဇာလီဖြိုး,1,3
ဇိုဝီဝင်းဝင်း,1,4
ဇီဇဝာ,1,3
ဇူးဇင်ဇော်ဝင်း,1,4
ဇူးဇူးဇော်,1,3
ဇူးဇူးဇော်ဝင်း,1,4
ဇွန်နှင်းပွင့်အောင်,1,4
ဇွန်ဖူးဝေ,1,3
ဇွန်မီမီမောင်,1,4
ဇွန်သူဇာထွေး,1,4
ဇွဲကပင်ထူး,1,4
ဇွဲမွန်မြတ်,1,3
ညိုညို,1,2
ညိုညိုခင်,1,3
ညိုညိုစိန်,1,3
ညိုညိုဆန်း,1,3
ညိုညိုတင်,1,3
ညိုညိုမာ,1,3
ညိုညိုမြင့်,1,3
ညိုညိုလွင်,1,3
ညိုညိုဝင်း,1,3
ညိုညိုသန်း,1,3
ညိုညိုသိန်း,1,3
ညိုညိုအောင်,1,3
ညိုညိုအေး,1,3
ညွန့်ညွန့်,1,2
ညွန့်ညွန့်ကြီ,1,3
ညွန့်ညွန့်ခင်,1,3
ညွန့်ညွန့်ခိုင်,1,3
ညွန့်ညွန့်စိန်,1,3
ညွန့်ညွန့်ဆွေ,1,3
ညွန့်ညွန့်ဌေး,1,3
ညွန့်ညွန့်တင်,1,3
ညွန့်ညွန့်မေ,1,3
ညွန့်ညွန့်ရီ,1,3
ညွန့်ညွန့်ရွှေ,1,3
ညွန့်ညွန့်လွင်,1,3
ညွန့်ညွန့်ဝင်း,1,3
ညွန့်ညွန့်ဝေ,1,3
ညွန့်ညွန့်သန်း,1,3
ညွန့်ညွန့်အေး,1,3
ညွန့်မေ,1,2
ဌေးကြီ,1,2
ဌေးခင်,1,2
ဌေးဌေး,1,2
ဌေးဌေးကြီ,1,3
ဌေးဌေးကြူ,1,3
ဌေးဌေးခိုင်,1,3
ဌေးဌေးစိန်,1,3
ဌေးဌေးညွန့်,1,3
ဌေးဌေးနိုင်,1,3
ဌေးဌေးနွယ်,1,3
ဌေးဌေးမော်,1,3
ဌေးဌေးမြင့်,1,3
ဌေးဌေးရင်,1,3
ဌေးဌေးရီ,1,3
ဌေးဌေးလွင်,1,3
ဌေးဌေးလှိုင်,1,3
ဌေးဌေးဝင်း,1,3
ဌေးဌေးဝေ,1,3
ဌေးဌေးသန်း,1,3
ဌေးဌေးအောင်,1,3
ဌေးဌေးအေး,1,3
ဌေးဌေးဦး,1,3
ဌေးရီ,1,2
ဌေးရွှေစင်ရှိန်,1,4
တင့်တင့်ထွန်း,1,3
တင်ဆု,1,2
တင်ဇာခိုင်,1,3
တင်ဇာလှိုင်,1,3
တင်တင်,1,2
တင်တင်ကြော်,1,3
တင်တင်ကြီ,1,3
တင်တင်ကြီး,1,3
တင်တင်ခိုင်,1,3
တင်တင်ခြို,1,3
တင်တင်စိန်,1,3
တင်တင်စိုး,1,3
တင်တင်စော,1,3
တင်တင်ဆန်း,1,3
တင်တင်ဆု,1,3
တင်တင်ဆွေ,1,3
တင်တင်ညို,1,3
တင်တင်ညွန့်,1,3
တင်တင်ဌေး,1,3
တင်တင်ထွေး,1,3
တင်တင်နိုင်,1,3
တင်တင်နု,1,3
တင်တင်နွယ်,1,3
တင်တင်မာ,1,3
တင်တင်မိုး,1,3
တင်တင်မူ,1,3
တင်တင်မေ,1,3
တင်တင်မော်,1,3
တင်တင်မြ,1,3
တင်တင်မြင့်,1,3
တင်တင်မြတ်,1,3
တင်တင်မြိုင်,1,3
တင်တင်မွေး,1,3
တင်တင်ယု,1,3
တင်တင်ရီ,1,3
တင်တင်ရွှေ,1,3
တင်တင်လက်,1,3
တင်တင်လေး,1,3
တင်တင်လွင်,1,3
တင်တင်လှ,1,3
တင်တင်လှိုင်,1,3
တင်တင်ဝင်း,1,3
တင်တင်ဝေ,1,3
တင်တင်သန်း,1,3
တင်တင်သိန်း,1,3
တင်တင်သောင်း,1,3
တင်တင်အုံး,1,3
တင်တင်အောင်,1,3
တင်တင်အေး,1,3
တင်တင်ဦး,1,3
တင်ထက်ထက်ထွန်း,1,4
တင်နီလာဝင်း,1,4
တင်နုရီ,1,3
တင်နွယ်ရီ,1,3
တင်နွယ်အေး,1,3
တင်နွယ်ဦး,1,3
တင်ပူ,1,2
တင်မမ,1,3
တင်မာကြီ,1,3
တင်မာကြိုင်,1,3
တင်မာခြို,1,3
တင်မာမြင့်,1,3
တင်မာရီ,1,3
တင်မာဝင်း,1,3
တင်မာဝေ,1,3
တင်မာအေး,1,3
တင်မာဦး,1,3
တင်မိုးခိုင်,1,3
တင်မိုးဝေ,1,3
တင်မိုးသူ,1,3
တင်မီ,1,2
တင်မီမီလင်း,1,4
တင်မေ,1,2
တင်မေဝင်း,1,3
တင်မေဦး,1,3
တင်ရတနာအောင်,1,5
တင်ရဲ,1,2
တင်လတ်နန္ဒာ,1,4
တင်လေးနွယ်,1,3
တင်လေးမြင့်,1,3
တင်အိ,1,2
တင်အေးကြီ,1,3
တင်အေးမူ,1,3
တင်အေးသန့်,1,3
တင့်တင့်,1,2
တင့်တင့်ထွန်း,1,3
တင့်တင့်ဝေ,1,3
တာရာခင်,1,3
တိုးကြီ,1,2
တိုးတိုး,1,2
တိုးတိုးမြင့်,1,3
တိုးတိုးလွင်,1,3
တိုးတိုးအောင်,1,3
တိုးရီ,1,2
တိုးဧကရီ,1,4
တူးတူးလွင်,1,3
ထက်ထက်စုခိုင်,1,4
ထက်ထက်ထွန်း,1,3
ထက်ထက်ပြည့်ကြော်,1,4
ထက်ထက်မိုး,1,3
ထက်ထက်မိုးအေး,1,4
ထက်ထက်မိုးဦး,1,4
ထက်ထက်မွန်,1,3
ထက်ထက်လင်း,1,3
ထက်ထက်လှိုင်,1,3
ထက်ထက်လှိုင်ဝင်း,1,4
ထက်ထက်ဝင့်,1,3
ထက်ထက်ဝင်း,1,3
ထက်ထက်ဝင်းလှိုင်,1,4
ထက်ထက်ဝတ်ရီ,1,4
ထက်ထက်ဝေ,1,3
ထက်ထက်သာ,1,3
ထက်ထက်သူ,1,3
ထက်ထက်အောင်,1,3
ထက်ထက်အေး,1,3
ထက်ထက်အေးခြန်း,1,4
ထက်ထက်ဦး,1,3
ထက်နဒီဦး,1,4
ထက်နန္ဒာ,1,3
ထက်ပြည့်ပြည့်လွင်,1,4
ထက်မိုးမြင့်အောင်,1,4
ထက်မေလင်း,1,3
ထက်မြတ်နိုး,1,3
ထက်မြတ်ဟန်,1,3
ထက်ယမင်း,1,3
ထက်ယမင်းဦး,1,4
ထက်ယမုံ,1,3
ထက်ယုဝေ,1,3
ထက်ရတနာ,1,4
ထက်ရတနာအောင်,1,5
ထက်ရွှေစင်,1,3
ထက်ဝတ်ရီဦး,1,4
ထက်သီရိ,1,3
ထက်သီရိကို,1,4
ထက်သီရိခိုင်,1,4
ထက်သီရိရွှေ,1,4
ထက်သူဇာကြော်,1,4
ထက်သော်တာ,1,3
ထက်အိန္ဒြာနိုင်,1,4
ထားကြီ,1,2
ထားထား,1,2
ထားထားခိုင်,1,3
ထားထားနွယ်,1,3
ထားထားမြင့်,1,3
ထားထားရီ,1,3
ထားထားလွင်,1,3
ထားထားဝင်း,1,3
ထားထားအေး,1,3
ထားထားဦး,1,3
ထားရီ,1,2
ထိပ်ထားစံ,1,3
ထိုက်ထိုက်,1,2
ထူးထူးဝေ,1,3
ထူးထူးအောင်,1,3
ထူးပြည့်ဝိုင်း,1,3
ထူးရတီနိုင်,1,4
ထွန်းနန္နာ,1,3
ထွေးစိန်,1,2
ထွေးတင်,1,2
ထွေးထွေး,1,2
ထွေးထွေးကြီ,1,3
ထွေးထွေးခိုင်,1,3
ထွေးထွေးညွန့်,1,3
ထွေးထွေးမြင့်,1,3
ထွေးထွေးမြင့်,1,3
ထွေးထွေးမွန်,1,3
ထွေးထွေးရီ,1,3
ထွေးထွေးလှ,1,3
ထွေးထွေးဝင်း,1,3
ထွေးရင်,1,2
ထွေးရီ,1,2
ထွေးအိဇော်,1,3
ဒာလီကြော်,1,3
ဒာလီမိုးဦး,1,4
ဒေစီ,1,2
နဒီ,1,2
နဒီဝင်းရွှေ,1,4
နန္တာဝင်း,1,3
နန္တာအေး,1,3
နန္ဒာမြဉ္ဇူမြင့်,1,5
နန္ဒာလမင်းအေး,1,5
နန္ဒာလှိုင်,1,3
နန္ဒာဝင်း,1,3
နန်း,1,1
နန်းကေခိုင်လွန်း,1,4
နန်းကေလြှန်း,1,3
နန်းကေသွယ်လှ,1,4
နန်းကြောက်,1,2
နန်းကြူ,1,2
နန်းခင်,1,2
နန်းခင်ကြီ,1,3
နန်းခင်ခြိုသန့်,1,4
နန်းခင်ဇာဖြူပွင့်,1,5
နန်းခင်ဇေယြာ,1,4
နန်းခင်ညွန့်,1,3
နန်းခင်ထွေး,1,3
နန်းခင်မိုးခ,1,4
နန်းခင်မေ,1,3
နန်းခင်မြင့်,1,3
နန်းခင်အေး,1,3
နန်းခန်,1,2
နန်းခန်း,1,2
နန်းခန်းစိန်,1,3
နန်းခန်းရုန်း,1,3
နန်းခြစ်ငြိန်းခြန်းကြော်,1,5
နန်းခြယ်ရီအောင်,1,4
နန်းငွေကြူ,1,3
နန်းစင်လင်းဖွေး,1,4
နန်းစိန်,1,2
နန်းစိန်အေး,1,3
နန်းစိုင်း,1,2
နန်းဆန်းခန်,1,3
နန်းညွန့်,1,2
နန်းတင့်တင့်ဦး,1,4
နန်းတင်တင်အေး,1,4
နန်းထက်ထက်အောင်,1,4
နန်းနန်း,1,2
နန်းနွယ်,1,2
နန်းနှင်းသီတာအောင်,1,5
နန်းပိုးနှင်းဖြူ,1,4
နန်းပိုးအိန္ဒြေကြော်,1,5
နန်းဖောင်း,1,2
နန်းဖြူနှင်းဦး,1,4
နန်းဘွေသြှား,1,3
နန်းမူအေး,1,3
နန်းမြ,1,2
နန်းမြင့်စိန်,1,3
နန်းမြစိန်,1,3
နန်းမြအောင်,1,3
နန်းမြအေး,1,3
နန်းမွန်,1,2
နန်းမွန်း,1,2
နန်းမွေ့စံ,1,3
နန်းမွေ့လှိုင်,1,3
နန်းမှုန်ကေ,1,3
နန်းယဥ်ယဥ်ထွေး,1,6
နန်းယွန်းနဒီ,1,4
နန်းရင်,1,2
နန်းရတီ,1,3
နန်းရီ,1,2
နန်းရွှေ,1,2
နန်းရွှေကြီ,1,3
နန်းရွှေခင်,1,3
နန်းရွှေစိန်,1,3
နန်းရွှေရီ,1,3
နန်းလင်းလင်းထွန်း,1,4
နန်းလမင်းအိန်,1,4
နန်းလာ,1,2
နန်းလီ,1,2
နန်းလွင်လွင်အောင်,1,4
နန်းလှခင်,1,3
နန်းလှစိန်,1,3
နန်းဝိုင်းဇာခြီနိုင်,1,5
နန်းသင်ဇာ,1,3
နန်းသစ်,1,2
နန်းသန်းထွေး,1,3
နန်းသိန်းဟန်,1,3
နန်းသိမ့်ရတနာ,1,5
နန်းသီရိစံ,1,4
နန်းသူဇာဟန်,1,4
နန်းအင်ကြင်းစံ,1,4
နန်းအိစံ,1,3
နန်းအိအိခြစ်,1,4
နန်းအေးကြီ,1,3
နန်းအေးဇာခြီ,1,4
နန်းအေးမြ,1,3
နန်းဧကရီထွန်း,1,5
နန်းဧကရီလှိုင်,1,5
နိုင်နိုင်မော်,1,3
နိုင်နိုင်ဝင်း,1,3
နီဇာအောင်,1,3
နီနီကြော်,1,3
နီနီခင်,1,3
နီနီခိုင်,1,3
နီနီခြို,1,3
နီနီစိန်,1,3
နီနီစိုး,1,3
နီနီဆန်း,1,3
နီနီဆွေ,1,3
နီနီဌေး,1,3
နီနီတင်,1,3
နီနီထွန်း,1,3
နီနီထွေး,1,3
နီနီမာ,1,3
နီနီမော်,1,3
နီနီမြင့်,1,3
နီနီရင်,1,3
နီနီရွှေ,1,3
နီနီရှိန်း,1,3
နီနီလင်း,1,3
နီနီလွင်,1,3
နီနီလှိုင်,1,3
နီနီဝင်း,1,3
နီနီသန်း,1,3
နီနီသိန်း,1,3
နီနီအောင်,1,3
နီနီအေး,1,3
နီနီဦး,1,3
နီလာ,1,2
နီလာခင်,1,3
နီလာစိုး,1,3
နီလာဆွေ,1,3
နီလာတင်,1,3
နီလာထွန်း,1,3
နီလာမြင့်,1,3
နီလာရွှေ,1,3
နီလာဝင်း,1,3
နီလာသန်း,1,3
နီလာဟန်,1,3
နီလာအောင်,1,3
နီလာအေး,1,3
နီလာဦး,1,3
နု,1,1
နုနု,1,2
နုနုကြီ,1,3
နုနုခင်,1,3
နုနုခိုင်,1,3
နုနုခြို,1,3
နုနုငယ်,1,3
နုနုစိန်,1,3
နုနုဆန်း,1,3
နုနုဆွေ,1,3
နုနုတင်,1,3
နုနုထွေး,1,3
နုနုရင်,1,3
နုနုရီ,1,3
နုနုရွှေ,1,3
နုနုလွင်,1,3
နုနုလှိုင်,1,3
နုနုဝင်း,1,3
နုနုဝေ,1,3
နုနုသန်း,1,3
နုနုအောင်,1,3
နုနုအေး,1,3
နုရင်,1,2
နုရီ,1,2
နေကြာ,1,2
နေခြီခြန်းမြေ့,1,4
နေခြီဇော်,1,3
နေခြီယွန်းဝေ,1,4
နေခြီလင်း,1,3
နေခြီလင်းမော်,1,4
နေခြီဝင်းလဲ့,1,4
နေရီခိုင်,1,3
နော်ထီးလားဖော,1,4
နော်လင်းလွန်းနွေး,1,4
နော်အယ်ဖောစေး,1,4
နွယ်,1,1
နွယ်နီ,1,2
နွယ်နီစိုး,1,3
နွယ်နီထွန်း,1,3
နွယ်နီပွင့်ထူး,1,4
နွယ်နီလွင်,1,3
နွယ်နီဝင်း,1,3
နွယ်နီသန်း,1,3
နွယ်နီအေး,1,3
နွယ်နီဦး,1,3
နွယ်နွယ်,1,2
နွယ်နွယ်ကြီ,1,3
နွယ်နွယ်ခင်,1,3
နွယ်နွယ်စိုး,1,3
နွယ်နွယ်ဆန်း,1,3
နွယ်နွယ်ဌေး,1,3
နွယ်နွယ်တင်,1,3
နွယ်နွယ်ထွန်း,1,3
နွယ်နွယ်မြင့်,1,3
နွယ်နွယ်ရင်,1,3
နွယ်နွယ်ရီ,1,3
နွယ်နွယ်လင်း,1,3
နွယ်နွယ်လွင်,1,3
နွယ်နွယ်လှိုင်,1,3
နွယ်နွယ်ဝင်း,1,3
နွယ်နွယ်ဝေ,1,3
နွယ်နွယ်သန်း,1,3
နွယ်နွယ်အုံး,1,3
နွယ်နွယ်အောင်,1,3
နွယ်နွယ်အေး,1,3
နွယ်နွယ်ဦး,1,3
နွယ်ရီ,1,2
နွေဦးမွန်,1,3
နွေးကြော့ကြော့ခိုင်,1,4
နွေးနွေးထက်မြတ်စိုး,1,5
နွေးနွေးအောင်,1,3
နွေးအိန္ဒြေ,1,3
နွေးအိအိကြော်,1,4
နွဲ့ဇာလင်း,1,3
နွဲ့ရီလှိုင်,1,3
နှင်း,1,1
နှင်းကြီ,1,2
နှင်းစီ,1,2
နှင်းစန္ဒီထွန်း,1,4
နှင်းစုခိုင်ဦး,1,4
နှင်းစုလှိုင်,1,3
နှင်းစုဝေ,1,3
နှင်းဆီ,1,2
နှင်းထက်,1,2
နှင်းထက်ထက်ဖွေး,1,4
နှင်းထက်ထက်အောင်,1,4
နှင်းဒေဝီ,1,3
နှင်းနန္ဒာဝင်း,1,4
နှင်းနန္ဒာအောင်,1,4
နှင်းနုဆွေ,1,3
နှင်းနုနုနိုင်,1,4
နှင်းနေခြီဦး,1,4
နှင်းနှင်း,1,2
နှင်းနှင်းရီ,1,3
နှင်းနှင်းလှိုင်,1,3
နှင်းနှင်းဝေ,1,3
နှင်းနှင်းအိ,1,3
နှင်းနှင်းအေး,1,3
နှင်းနှင်းဦး,1,3
နှင်းပွင့်,1,2
နှင်းပွင့်ဝေဝေ,1,4
နှင်းပွင့်ခြို,1,3
နှင်းဖြူ,1,2
နှင်းမြတ်နိုးဦး,1,4
နှင်းမြတ်သွယ်အောင်,1,4
နှင်းယမင်းဝင်း,1,4
နှင်းယုနိုင်,1,3
နှင်းယုယုဝင်း,1,4
နှင်းယုလှိုင်,1,3
နှင်းရင်,1,2
နှင်းရတနာ,1,4
နှင်းရီ,1,2
နှင်းရဲ,1,2
နှင်းရွှေ,1,2
နှင်းရွှေစင်ဖြိုး,1,4
နှင်းရွှေစင်ဦး,1,4
နှင်းလပြည့်ဝန်း,1,4
နှင်းလှ,1,2
နှင်းဝတ်ရီနိုင်,1,4
နှင်းဝတ်ရီသောင်း,1,4
နှင်းဝတ်ရီအောင်,1,4
နှင်းဝတ်ရီဦး,1,4
နှင်းဝေ,1,2
နှင်းဝေဖြိုး,1,3
နှင်းဝေလွင်,1,3
နှင်းဝေဝေ,1,3
နှင်းဝေဝေခိုင်,1,4
နှင်းဝဿန်,1,4
နှင်းသစ္စာ,1,3
နှင်းသစ္စာနိုင်,1,4
နှင်းသဇင်နိုင်,1,4
နှင်းသန္တာအောင်,1,4
နှင်းသီတာ,1,3
နှင်းသီတာလွင်,1,4
နှင်းသီတာလှိုင်,1,4
နှင်းသီရိ,1,3
နှင်းသီရိကြွယ်,1,4
နှင်းသီရိမောင်,1,4
နှင်းသီရိမွန်,1,4
နှင်းသီရိလှိုင်,1,4
နှင်းသီရိသူ,1,4
နှင်းသီရိအောင်,1,4
နှင်းအင်ဇာလီ,1,4
နှင်းအဥ္ဇလီ,1,4
နှင်းအိကိုနိုင်,1,4
နှင်းအိခိုင်,1,3
နှင်းအိထက်,1,3
နှင်းအိန္ဒြာလှိုင်,1,4
နှင်းအိန္ဒြေမြင့်မြတ်,1,5
နှင်းအိဖြူ,1,3
နှင်းအိယွန်း,1,3
နှင်းအိရွှေရီ,1,4
နှင်းအိလှိုင်,1,3
နှင်းအေး,1,2
နှင်းအေးလွင်,1,3
နှင်းအေးဝင်း,1,3
နှင်းဧကရီဇော်,1,5
ပန်းဆုပြည့်စုံ,1,4
ပန်းနုသွယ်,1,3
ပန်းနုသွေး,1,3
ပန်းဖြူဖြူဖွေး,1,4
ပန်းအိန္ဒြေခင်,1,4
ပန်းအိဖြူ,1,3
ပန်းအိမ့်မှူး,1,3
ပပစံ,1,3
ပပလှိုင်,1,3
ပပဝင်းခင်,1,4
ပာပာဝင်း,1,3
ပိတောက်,1,2
ပိုပို,1,2
ပိုပိုမြင့်သန်း,1,4
ပိုးစန္ဒီပိုင်,1,4
ပိုးဇာခြီထူး,1,4
ပိုးဒာလီခင်,1,4
ပိုးဒာလီသိန်းတန်,1,5
ပိုးပိုးအောင်,1,3
ပိုးပြည့်ဖြူ,1,3
ပိုးဖြူသန့်,1,3
ပိုးရွှေရီမြင့်,1,4
ပိုးလေး,1,2
ပိုးဝေမွန်,1,3
ပိုးသီရိ,1,3
ပိုးဟန်ဝတီ,1,4
ပိုးအိခင်,1,3
ပိုးအိခိုင်,1,3
ပိုးအိစံ,1,3
ပုံ့ပုံ့ဟန်,1,3
ပြည့်ဖူးမောင်,1,3
ပြည့်မှူးရတီ,1,4
ပွင့်သန်း,1,2
ပွင်းမှူးသာ,1,3
ဖူးငုံ,1,2
ဖူးပြည့်မွန်,1,3
ဖူးပွင့်ကြော်,1,3
ဖူးပွင့်ခိုင်,1,3
ဖူးပွင့်မွန်,1,3
ဖူးပွင့်ဝေဦး,1,4
ဖူးသွယ်နှင်း,1,3
ဖူးဧကရီကြော်,1,5
ဖြိုးဖြိုး,1,2
ဖြိုးဖြိုးအောင်,1,3
ဖြိုးဝေလှိုင်,1,3
ဖြိုးသန္တာကို,1,4
ဖြိုးသန္တာခြို,1,4
ဖြိုးသိင်္ဂီဦး,1,4
ဖြိုးသီရိ,1,3
ဖြိုးသီရိကြော်,1,4
ဖြိုးသီရိမောင်,1,4
ဖြိုးသီရိအောင်,1,4
ဖြိုးအိခိုင်,1,3
ဖြိုးအိစင်,1,3
ဖြိုးအိဇင်,1,3
ဖြိုးအိအိဇင်,1,4
ဖြိုးအိအိဇော်,1,4
ဖြိုးအိအိထွန်း,1,4
ဖြူစင်ကို,1,3
ဖြူစင်ကြော်,1,3
ဖြူစင်မိုးသိမ့်,1,4
ဖြူစင်သွယ်,1,3
ဖြူဖြူ,1,2
ဖြူဖြူကြော်,1,3
ဖြူဖြူခင်,1,3
ဖြူဖြူခိုင်,1,3
ဖြူဖြူစိန်,1,3
ဖြူဖြူစိုး,1,3
ဖြူဖြူဇင်,1,3
ဖြူဖြူတင်,1,3
ဖြူဖြူထွေး,1,3
ဖြူဖြူမာ,1,3
ဖြူဖြူမြင့်,1,3
ဖြူဖြူလွင်,1,3
ဖြူဖြူလှိုင်,1,3
ဖြူဖြူဝင်း,1,3
ဖြူဖြူသင်း,1,3
ဖြူဖြူသန်း,1,3
ဖြူဖြူသိန်း,1,3
ဖြူဖြူသိမ့်,1,3
ဖြူဖြူသိန်း,1,3
ဖြူဖြူသွင်,1,3
ဖြူဖြူအောင်,1,3
ဖြူဖြူအေး,1,3
ဖြူလှိုင်သွယ်,1,3
ဖြူဝင်းမာ,1,3
ဖြူသန့်လွင်,1,3
ဖြူသဲခင်,1,3
မင်းမင်းခိုင်,1,3
မင်းမင်းသန်း,1,3
မင်းမင်းအေး,1,3
မမ,1,2
မမကြီ,1,3
မမကြီး,1,3
မမလေး,1,3
မာမာ,1,2
မာမာကြီ,1,3
မာမာကြူ,1,3
မာမာခင်,1,3
မာမာခြို,1,3
မာမာစိုး,1,3
မာမာဆန်း,1,3
မာမာဆွေ,1,3
မာမာညွန့်,1,3
မာမာဌေး,1,3
မာမာထွန်း,1,3
မာမာမြင့်,1,3
မာမာရီ,1,3
မာမာရွှေ,1,3
မာမာလွင်,1,3
မာမာဝင်း,1,3
မာမာဝေ,1,3
မာမာသန်း,1,3
မာမာသိန်း,1,3
မာမာအေး,1,3
မာမာဦး,1,3
မာရီ,1,2
မာလာ,1,2
မာလာကြော်,1,3
မာလာခင်,1,3
မာလာစိန်,1,3
မာလာဆွေ,1,3
မာလာထွန်း,1,3
မာလာနွယ်,1,3
မာလာမြင့်,1,3
မာလာလွင်,1,3
မာလာဝင်း,1,3
မာလာသန်း,1,3
မာလာအောင်,1,3
မာလာအေး,1,3
မာလာဦး,1,3
မို့မို့မြင့်အောင်,1,4
မိုးကေခိုင်လွင်,1,4
မိုးစက်ရတီ,1,4
မိုးစက်ဝိုင်,1,3
မိုးစန္ဒာ,1,3
မိုးစန္ဒာအောင်,1,4
မိုးနဒီကြော်,1,4
မိုးပပအောင်,1,4
မိုးပြည့်ပြည့်မောင်,1,4
မိုးပြည့်ရီ,1,3
မိုးပွင့်ငြိန်းဦး,1,4
မိုးပွင့်ပွင့်ဖြူ,1,4
မိုးပွင့်ဖြူ,1,3
မိုးမိုး,1,2
မိုးမိုးကြော်,1,3
မိုးမိုးကြီ,1,3
မိုးမိုးခင်,1,3
မိုးမိုးခိုင်,1,3
မိုးမိုးစိန်,1,3
မိုးမိုးဆန်း,1,3
မိုးမိုးဆွေ,1,3
မိုးမိုးညွန့်,1,3
မိုးမိုးဌေး,1,3
မိုးမိုးထွန်း,1,3
မိုးမိုးနိုင်,1,3
မိုးမိုးမြင့်,1,3
မိုးမိုးရီ,1,3
မိုးမိုးလွင်,1,3
မိုးမိုးလှိုင်,1,3
မိုးမိုးဝင်း,1,3
မိုးမိုးသန်း,1,3
မိုးမိုးသိန်း,1,3
မိုးမိုးသူ,1,3
မိုးမိုးအောင်,1,3
မိုးမိုးအေး,1,3
မိုးမိုးဦး,1,3
မိုးမြင့်စန္ဒာ,1,4
မိုးမြင့်ဇော်,1,3
မိုးရတနာ,1,4
မိုးသန္တာ,1,3
မိုးသိမ့်ဝေ,1,3
မိုးသီတာ,1,3
မိုးသီရိထက်,1,4
မိုးသီရိဝေ,1,4
မိုးသူဇာ,1,3
မိုးအေး,1,2
မီငယ်,1,2
မီမီ,1,2
မီမီကြော်,1,3
မီမီကြော်တင်ဝင်း,1,5
မီမီကြီး,1,3
မီမီကြူ,1,3
မီမီခင်,1,3
မီမီခိုင်,1,3
မီမီခြို,1,3
မီမီစိန်,1,3
မီမီစိုး,1,3
မီမီဆန်း,1,3
မီမီဇော်,1,3
မီမီတင်,1,3
မီမီထွန်း,1,3
မီမီထွေး,1,3
မီမီမော်,1,3
မီမီရီ,1,3
မီမီလေး,1,3
မီမီလွင်,1,3
မီမီလှိုင်,1,3
မီမီဝင်း,1,3
မီမီဝင်းနိုင်,1,4
မီမီဝင်းဖေ,1,4
မီမီသန်း,1,3
မီမီအောင်,1,3
မီမီအေး,1,3
မူ,1,1
မူမူ,1,2
မူမူခင်,1,3
မူမူခြို,1,3
မူမူဆွေ,1,3
မူမူတင်,1,3
မူမူထွေး,1,3
မူမူမြင့်,1,3
မူမူဝင်း,1,3
မူမူသန်း,1,3
မူမူသိန်း,1,3
မူမူအုံး,1,3
မူမူအောင်,1,3
မူမူအေး,1,3
မူယာဖြိုးဟန်,1,4
မေ,1,1
မေကဗြာ,1,3
မေကြီ,1,2
မေခင်စု,1,3
မေငြိမ့်ငြိမ့်ဇော်,1,4
မေစီ,1,2
မေစန္ဒကူး,1,4
မေစန္ဒာအောင်,1,4
မေစိန်လှိုင်,1,3
မေစုထားဦး,1,4
မေစူးရှထက်,1,4
မေစံပယ်မှူး,1,4
မေဆန်း,1,2
မေဆန်းမြင့်,1,3
မေဇင်,1,2
မေဇင်ထက်,1,3
မေဇင်ထူး,1,3
မေဇင်ထွဋ်,1,3
မေဇင်မင်းဦး,1,4
မေဇင်မိုးမြင့်,1,4
မေဇင်ဝင်းမိုး,1,4
မေဇာခြီဦး,1,4
မေဇူလိုင်ရွှေမိုး,1,5
မေဇော်ခိုင်,1,3
မေဇွန်ဖြူစိုး,1,4
မေနန္ဒာ,1,3
မေနန္ဒာမြင့်,1,4
မေနန္ဒာလှိုင်,1,4
မေနန်းထိုက်,1,3
မေနိုဝင်း,1,3
မေနှင်းဆီ,1,3
မေပန်းခြီ,1,3
မေပုလဲသွယ်,1,4
မေပြည့်ဖြိုး,1,3
မေပွင့်မောင်,1,3
မေဖူးစံ,1,3
မေဖြိုးရူပာဦး,1,5
မေဖြိုးသူ,1,3
မေဘရဏီစိုး,1,5
မေဘရဏီထွန်း,1,5
မေမဒီခင်,1,4
မေမီကြော်,1,3
မေမီမိုး,1,3
မေမေကြီ,1,3
မေမေခင်,1,3
မေမေတင်,1,3
မေမေဝင်း,1,3
မေမေသန်း,1,3
မေမြိုးမွန်,1,3
မေမြင့်ခြို,1,3
မေမြင့်မိုရ်,1,3
မေမြင့်သူ,1,3
မေမြင့်,1,2
မေမြတ်ကြော်,1,3
မေမြတ်ခြို,1,3
မေမြတ်နိုး,1,3
မေမြတ်နိုးကြော်,1,4
မေမြတ်နိုးခြို,1,4
မေမြတ်နိုးဇင်,1,4
မေမြတ်နိုးသူ,1,4
မေမြတ်မွန်,1,3
မေမြတ်သူ,1,3
မေမြတ်သော်,1,3
မေမြတ်အောင်,1,3
မေမွန်,1,2
မေမွန်ထက်,1,3
မေမွန်မင်းသိန်း,1,4
မေယု,1,2
မေရင်,1,2
မေရတနာ,1,4
မေရတနာထွန်း,1,5
မေရီ,1,2
မေရွှန်းလဲ့နိုင်,1,4
မေရှင်း,1,2
မေလင်းဖော,1,3
မေလဲ့ရီလင်း,1,4
မေလွင်,1,2
မေဝင်း,1,2
မေဝတ်မှုန်ဌေး,1,4
မေသက်,1,2
မေသက်ခိုင်,1,3
မေသက်ဆွေ,1,3
မေသက်ထား,1,3
မေသက်နိုင်,1,3
မေသက်နှင်း,1,3
မေသက်ဖူးငုံ,1,4
မေသကြင်္န်,1,3
မေသင်းခိုင်,1,3
မေသစ်,1,2
မေသဇင်ဖူး,1,4
မေသဇင်ဖြူ,1,4
မေသဇင်ဦး,1,4
မေသီးဖြူ,1,3
မေသန္တာ,1,3
မေသန္တာကို,1,4
မေသန္တာကြော်,1,4
မေသန္တာထွေး,1,4
မေသန့်ဇင်,1,3
မေသန်း,1,2
မေသန်းနု,1,3
မေသန်းနွယ်,1,3
မေသန်းရီ,1,3
မေသန်းဦး,1,3
မေသီ,1,2
မေသီရိ,1,3
မေသီရိဖြူ,1,4
မေသီရိမိုး,1,4
မေသီရိသန်းထိုက်,1,5
မေသူ,1,2
မေသူကြော်,1,3
မေသူခြို,1,3
မေသူစိုး,1,3
မေသူဇာကြော်,1,4
မေသူဇော်,1,3
မေသူထက်,1,3
မေသူမိုး,1,3
မေသူဟန်,1,3
မေသူအောင်,1,3
မေသော်လင်း,1,3
မေသဲပိုင်,1,3
မေသဲ့မြိုး,1,3
မေသွယ်စိုးငယ်,1,4
မေဟန်နီကို,1,4
မေအိန္ဒြေဦး,1,4
မော်မော်ထွန်း,1,3
မော်မော်မြင့်,1,3
မော်မော်လွင်,1,3
မော်မော်သန်း,1,3
မော်မော်အောင်,1,3
မော်မော်ဦး,1,3
မော်လီ,1,2
မြိုးကေခိုင်,1,3
မြိုးမြိုး,1,2
မြိုးမြိုးခိုင်,1,3
မြိုးမြိုးအေး,1,3
မြိုးမြတ်သူဇာ,1,4
မြိုးသန္တာစိုး,1,4
မြိုးသီရိကို,1,4
မြိုးသီရိကြော်,1,4
မြိုးသီရိမောင်,1,4
မြိုးသူဇာ,1,3
မြိုးစန္ဒာအောင်,1,4
မြကေသီ,1,3
မြကြီ,1,2
မြကြူ,1,2
မြကြေးဥ,1,3
မြခြစ်,1,2
မြင့်ကေသီခြို,1,4
မြင့်ပိုပိုအောင်,1,4
မြင့်မြင့်စန်း,1,3
မြင့်မြင့်ရီ,1,3
မြင့်မြင့်အေး,1,3
မြင်မြင့်ခင်,1,3
မြင့်ဇူ,1,2
မြင့်မိုရ်,1,2
မြင့်မေ,1,2
မြင့်မြင့်,1,2
မြင့်မြင့်ကြော်,1,3
မြင့်မြင့်ကြီ,1,3
မြင့်မြင့်ကြူ,1,3
မြင့်မြင့်ခင်,1,3
မြင့်မြင့်ခိုင်,1,3
မြင့်မြင့်ခြို,1,3
မြင့်မြင့်စီ,1,3
မြင့်မြင့်စိန်,1,3
မြင့်မြင့်စိုး,1,3
မြင့်မြင့်စော,1,3
မြင့်မြင့်ဆန်း,1,3
မြင့်မြင့်ဆွေ,1,3
မြင့်မြင့်ဌေး,1,3
မြင့်မြင့်တင်,1,3
မြင့်မြင့်ထွန်း,1,3
မြင့်မြင့်ထွေး,1,3
မြင့်မြင့်နိုင်,1,3
မြင့်မြင့်နွယ်,1,3
မြင့်မြင့်မာ,1,3
မြင့်မြင့်မူ,1,3
မြင့်မြင့်မေ,1,3
မြင့်မြင့်မော်,1,3
မြင့်မြင့်မွန်,1,3
မြင့်မြင့်ရင်,1,3
မြင့်မြင့်ရီ,1,3
မြင့်မြင့်ရဲ,1,3
မြင့်မြင့်ရွှေ,1,3
မြင့်မြင့်ရှိန်း,1,3
မြင့်မြင့်လွင်,1,3
မြင့်မြင့်လှိုင်,1,3
မြင့်မြင့်ဝင်း,1,3
မြင့်မြင့်ဝေ,1,3
မြင့်မြင့်သင်း,1,3
မြင့်မြင့်သန်း,1,3
မြင့်မြင့်သိန်း,1,3
မြင့်မြင့်သီ,1,3
မြင့်မြင့်သူ,1,3
မြင့်မြင့်သောင်း,1,3
မြင့်မြင့်သွေး,1,3
မြင့်မြင့်ဟန်,1,3
မြင့်မြင့်အုံး,1,3
မြင့်မြင့်အောင်,1,3
မြင့်မြင့်အေး,1,3
မြင့်မြင့်ဦး,1,3
မြင့်သူဇာ,1,3
မြဆန်းရီ,1,3
မြတ်ကေသီအောင်,1,4
မြတ်စန္ဒီထွန်း,1,4
မြတ်စုစုလှိုင်,1,4
မြတ်စုရီစံ,1,4
မြတ်စုသိန်း,1,3
မြတ်နိုးကြီဖြူ,1,4
မြတ်နိုးစန္ဒာ,1,4
မြတ်နိုးရွှေရီ,1,4
မြတ်နိုးသိမ့်,1,3
မြတ်နိုးသီရိ,1,4
မြတ်နွယ်,1,2
မြတ်နှင်းဦး,1,3
မြတ်ဖြူစင်သန့်,1,4
မြတ်မြင့်ဇူ,1,3
မြတ်မြတ်ခိုင်,1,3
မြတ်မြတ်စိုး,1,3
မြတ်မြတ်ထွေး,1,3
မြတ်မြတ်မိုး,1,3
မြတ်မြတ်မော်,1,3
မြတ်မြတ်မွန်,1,3
မြတ်မြတ်ဝင်း,1,3
မြတ်မြတ်အေး,1,3
မြတ်မွန်,1,2
မြတ်ရတနာမောင်,1,5
မြတ်ရွှေစင်ဦး,1,4
မြတ်သင်ဇာကြော်,1,4
မြတ်သီရိ,1,3
မြတ်သွေး,1,2
မြတ်အိကေဇာ,1,4
မြနန္ဒာကြိုင်,1,4
မြနု,1,2
မြနှင့်,1,2
မြမာလာ,1,3
မြမူ,1,2
မြမေ,1,2
မြမြ,1,2
မြမြကြီ,1,3
မြမြကြူ,1,3
မြမြခင်,1,3
မြမြခိုင်,1,3
မြမြစိန်,1,3
မြမြစိုး,1,3
မြမြဆန်း,1,3
မြမြဌေး,1,3
မြမြတင်,1,3
မြမြတ်ခြယ်ဦး,1,4
မြမြထွန်း,1,3
မြမြထွေး,1,3
မြမြနွယ်,1,3
မြမြမိုး,1,3
မြမြမူ,1,3
မြမြမော်,1,3
မြမြရီ,1,3
မြမြလေး,1,3
မြမြလွင်,1,3
မြမြဝင်း,1,3
မြမြဝေ,1,3
မြမြသက်,1,3
မြမြသင်း,1,3
မြမြသန်း,1,3
မြမြသိန်း,1,3
မြမြသွေး,1,3
မြမြအေး,1,3
မြမြဦး,1,3
မြရင်,1,2
မြရီ,1,2
မြရှင်း,1,2
မြလေး,1,2
မြဝင်းကြီ,1,3
မြဝေ,1,2
မြသက်ခြယ်,1,3
မြသင်း,1,2
မြသန္တာဆက်,1,4
မြသန်းကြီ,1,3
မြသန်းတင်,1,3
မြသရဖီဇော်,1,5
မြသီ,1,2
မြသီတာ,1,3
မြသူဇာ,1,3
မြအဉ္ဇလီ,1,4
မြအိစံ,1,3
မြအေးဆွေ,1,3
မွန်မြတ်ခင်,1,3
မွန်မွန်အောင်,1,3
မွန်မွန်ဦး,1,3
မှူးသက်ခြယ်,1,3
မှူးသိမ့်နဒီ,1,4
ယဉ်ငြိန်းသူ,1,3
ယဉ်နှင်းအေး,1,3
ယဉ်မင်းပိုက်,1,3
ယဉ်မွန်စံ,1,3
ယဉ်ယဉ်ဌေး,1,3
ယဉ်ယဉ်မင်းမြတ်,1,4
ယဉ်ယမုံဖြိုး,1,4
ယမင်း,1,2
ယမင်းထက်,1,3
ယမင်းနောင်,1,3
ယမင်းရွှေစင်,1,4
ယမင်းရွှေရီ,1,4
ယမင်းဝတီ,1,4
ယမင်းသက်ဝေ,1,4
ယမင်းသိမ့်,1,3
ယမင်းသီရိဝေ,1,5
ယမင်းသူ,1,3
ယမင်းအေး,1,3
ယမင်းဦး,1,3
ယမင်းဧကရီ,1,5
ယမုံဖူး,1,3
ယမုံမေ,1,3
ယုကြွေ,1,2
ယုစန္ဒီတင်လက်,1,5
ယုနန္ဒာထွန်း,1,4
ယုနန္ဒီထူး,1,4
ယုမြတ်ခိုင်,1,3
ယုယုထွေးအောင်,1,4
ယုယုဝေ,1,3
ယုဝတီ,1,3
ယုသန္တာမင်း,1,4
ယွန်းကြီပြာ,1,3
ယွန်းနဒီဖြိုး,1,4
ယွန်းနဒီမောင်,1,4
ယွန်းနန္ဒာဖြိုး,1,4
ယွန်းမီမီကြော်,1,4
ယွန်းမီမီမောင်,1,4
ယွန်းယွန်း,1,2
ယွန်းရတနာ,1,4
ယွန်းရွှေရီ,1,3
ယွန်းလဲ့ဝတီ,1,4
ယွန်းလဲ့ဝေ,1,3
ယွန်းဝတီစိုး,1,4
ယွန်းဝတီဖြိုး,1,4
ယွန်းသင်ဇာ,1,3
ယွန်းသဇင်ထက်,1,4
ယွန်းသော်တာမင်း,1,4
ယွန်းအိန်သူ,1,3
ရင်ငွေ,1,2
ရင်ဌေး,1,2
ရင်နု,1,2
ရင်နွယ်,1,2
ရင်မင်းအေး,1,3
ရင်မာအေး,1,3
ရင်မေ,1,2
ရင်မြ,1,2
ရင်မြင့်,1,2
ရင်မြိုင်,1,2
ရင်ရင်,1,2
ရင်ရင်ကြီ,1,3
ရင်ရင်ကြူ,1,3
ရင်ရင်ခိုင်,1,3
ရင်ရင်ခြို,1,3
ရင်ရင်စိန်,1,3
ရင်ရင်စိုး,1,3
ရင်ရင်ဆန်း,1,3
ရင်ရင်ဆွေ,1,3
ရင်ရင်ညွန့်,1,3
ရင်ရင်ဌေး,1,3
ရင်ရင်တင့်,1,3
ရင်ရင်ထွန်း,1,3
ရင်ရင်ထွေး,1,3
ရင်ရင်နု,1,3
ရင်ရင်နွယ်,1,3
ရင်ရင်မိုး,1,3
ရင်ရင်မူ,1,3
ရင်ရင်မေ,1,3
ရင်ရင်မော်,1,3
ရင်ရင်မြ,1,3
ရင်ရင်မြင့်,1,3
ရင်ရင်မွေး,1,3
ရင်ရင်ရွှေ,1,3
ရင်ရင်လေး,1,3
ရင်ရင်လှ,1,3
ရင်ရင်ဝင်း,1,3
ရင်ရင်သန်း,1,3
ရင်ရင်သိန်း,1,3
ရင်ရင်အေး,1,3
ရင်ရင်ဦး,1,3
ရင်ရွှင်,1,2
ရင်ရွှေ,1,2
ရင်လှ,1,2
ရင်သန်း,1,2
ရင်သိန်း,1,2
ရင်သီ,1,2
ရီမွန်,1,2
ရီမွန်ဦး,1,3
ရတနာစိုးသူ,1,5
ရတနာဖြိုး,1,4
ရတနာမြင့်,1,4
ရတနာလင်း,1,4
ရတနာအောင်,1,4
ရတနာဦး,1,4
ရတီထက်,1,3
ရတီနိုင်,1,3
ရီရီ,1,2
ရီရီခင်,1,3
ရီရီခိုင်,1,3
ရီရီခြို,1,3
ရီရီစိန်,1,3
ရီရီစိုး,1,3
ရီရီဆန်း,1,3
ရီရီဆွေ,1,3
ရီရီညွန့်,1,3
ရီရီဌေး,1,3
ရီရီတင်,1,3
ရီရီထက်အောင်,1,4
ရီရီထွန်း,1,3
ရီရီထွေး,1,3
ရီရီနွယ်,1,3
ရီရီမာ,1,3
ရီရီမေ,1,3
ရီရီမော်,1,3
ရီရီမြ,1,3
ရီရီမြင့်,1,3
ရီရီမွန်,1,3
ရီရီရွှေ,1,3
ရီရီလွင်,1,3
ရီရီလှ,1,3
ရီရီလှိုင်,1,3
ရီရီဝင်း,1,3
ရီရီဝေ,1,3
ရီရီသင်း,1,3
ရီရီသန်း,1,3
ရီရီသိန်း,1,3
ရီရီအောင်,1,3
ရီရီအေး,1,3
ရီရီဦး,1,3
ရီလေး,1,2
ရီသန်း,1,2
ရူပာ,1,2
ရူပာရုံဦး,1,4
ရဲ,1,1
ရဲရဲ,1,2
ရဲရဲမြင့်,1,3
ရဲရဲဝင်း,1,3
ရွှန်းပပထွန်း,1,4
ရွှန်းမြတ်နိုးအောင်,1,4
ရွှန်းလဲ့,1,2
ရွှန်းလဲ့စန္ဒီအောင်,1,5
ရွှန်းလဲ့နဒီ,1,4
ရွှန်းလဲ့နေခြီ,1,4
ရွှန်းလဲ့မင်းသော်,1,4
ရွှန်းလဲ့ရွှေရီ,1,4
ရွှန်းလဲ့ဝေ,1,3
ရွှန်းလဲ့သဇင်,1,4
ရွှန်းလဲ့သာ,1,3
ရွှေကြီ,1,2
ရွှေခင်,1,2
ရွှေစင်မော်ဦး,1,4
ရွှေဆင်,1,2
ရွှေဆင်ဝင်း,1,3
ရွှေဇင်ဖြိုး,1,3
ရွှေပိုးဖြူ,1,3
ရွှေဖူးပွင့်အောင်,1,4
ရွှေမီ,1,2
ရွှေမေ,1,2
ရွှေမှုန်ရတီ,1,4
ရွှေယမင်းဦး,1,4
ရွှေရီစံ,1,3
ရွှေရီဇော်,1,3
ရွှေရီမိုး,1,3
ရွှေရီရွှန်းလဲ့,1,4
ရွှေရီဝင်း,1,3
ရွှေရီဝင်းထွဋ်,1,4
ရွှေရီသော်,1,3
ရွှေရီ,1,2
ရွှေရွှေ,1,2
ရွှေရွှေမြင့်,1,3
ရွှေဝာ,1,2
ရွှေသင်း,1,2
ရွှေဟန်,1,2
ရွှေအိန်စီ,1,3
ရှင်းသန့်ဖြူ,1,3
ရှင်းသန့်အောင်,1,3
လက်လက်,1,2
လင်းစန္ဒာဝင်း,1,4
လင်းစုရတီ,1,4
လင်းဇာနီဇော်,1,4
လင်းဇာနီထွန်း,1,4
လင်းလက်ကြယ်စင်,1,4
လင်းလင်းထွန်း,1,3
လမင်းကဗြာ,1,4
လမင်းကလြာ,1,4
လဝန်းသော်တာ,1,4
လီလီ,1,2
လုလုအောင်,1,3
လူဂြာ,1,2
လူလူအောင်,1,3
လူအောင်,1,2
လေးကြူ,1,2
လေးခင်,1,2
လေးစိန်,1,2
လေးနွယ်,1,2
လေးလေးနွယ်,1,3
လေးလေးမြင့်,1,3
လေးဝာ,1,2
လဲ့နဒီမောင်,1,4
လဲ့နေဇင်ခိုင်,1,4
လဲ့ယဉ်မြင့်,1,3
လဲ့လဲ့လင်း,1,3
လွင်ဖြူအေး,1,3
လွင်မာ,1,2
လွင်မာဦး,1,3
လွင်လွင်,1,2
လွင်လွင်ကြော်,1,3
လွင်လွင်ကြီ,1,3
လွင်လွင်စိန်,1,3
လွင်လွင်စိုး,1,3
လွင်လွင်ဌေး,1,3
လွင်လွင်ထွန်း,1,3
လွင်လွင်မာ,1,3
လွင်လွင်မိုး,1,3
လွင်လွင်မော်,1,3
လွင်လွင်မြင့်,1,3
လွင်လွင်သန်း,1,3
လွင်လွင်အောင်,1,3
လွင်လွင်အေး,1,3
လွင်လွင်ဦး,1,3
လှစန္ဒာထွန်း,1,4
လှဆန်းရီ,1,3
လှနု,1,2
လှမေ,1,2
လှမြင့်,1,2
လှမွန်,1,2
လှယမင်းဦး,1,4
လှရှင်း,1,2
လှလှ,1,2
လှလှကြီ,1,3
လှလှကြူ,1,3
လှလှခင်,1,3
လှလှခြို,1,3
လှလှစိန်,1,3
လှလှဆွေ,1,3
လှလှညွန့်,1,3
လှလှဌေး,1,3
လှလှတင်,1,3
လှလှထွန်း,1,3
လှလှထွေး,1,3
လှလှနွယ်,1,3
လှလှပြုံး,1,3
လှလှမိုး,1,3
လှလှမူ,1,3
လှလှမေ,1,3
လှလှမော်,1,3
လှလှမြင့်,1,3
လှလှမြိုင်,1,3
လှလှရီ,1,3
လှလှဝင်း,1,3
လှလှဝေ,1,3
လှလှသန်း,1,3
လှလှသိန်း,1,3
လှလှအောင်,1,3
လှလှအေး,1,3
လှလှဦး,1,3
လှဝင်းကြီ,1,3
လှသွေး,1,2
လှိုင်လှိုင်,1,2
လှိုင်လှိုင်ထွန်း,1,3
လှိုင်လှိုင်မြင့်,1,3
လှိုင်လှိုင်ဝင်း,1,3
လှိုင်လှိုင်ဦး,1,3
လှိုင်သဥ္ဇာအောင်,1,4
ဝင့်ကဗြာခြို,1,4
ဝင့်ကေခိုင်,1,3
ဝင့်စန္ဒီမောင်,1,4
ဝင့်စုစုခင်,1,4
ဝင့်ထက်ဝေ,1,3
ဝင့်နန္ဒာအောင်,1,4
ဝင့်ရွှေရီထက်,1,4
ဝင့်သူကြော်,1,3
ဝင့်ဝင့်ဖြိုး,1,3
ဝင့်ဝာကြော်,1,3
ဝင့်ဝာဖြူ,1,3
ဝင့်သန္တာမောင်,1,4
ဝင်းကေနိုင်,1,3
ဝင်းနီ,1,2
ဝင်းနွယ်,1,2
ဝင်းပပကြော်,1,4
ဝင်းပပဖြိုး,1,4
ဝင်းပပအောင်,1,4
ဝင်းပာပာ,1,3
ဝင်းမင်းသန်း,1,3
ဝင်းမာ,1,2
ဝင်းမာဦး,1,3
ဝင်းမို့မို့,1,3
ဝင်းမေ,1,2
ဝင်းမော်ထွန်း,1,3
ဝင်းမြင့်ကြီ,1,3
ဝင်းမြင့်မော်,1,3
ဝင်းမြတ်သူ,1,3
ဝင်းရတနာဦး,1,5
ဝင်းရွှေရီသင်း,1,4
ဝင်းလဲ့လဲ့အောင်,1,4
ဝင်းဝင်း,1,2
ဝင်းဝင်းကြော်,1,3
ဝင်းဝင်းကြီ,1,3
ဝင်းဝင်းကြူ,1,3
ဝင်းဝင်းခင်,1,3
ဝင်းဝင်းခိုင်,1,3
ဝင်းဝင်းခြို,1,3
ဝင်းဝင်းစိန်,1,3
ဝင်းဝင်းစိုး,1,3
ဝင်းဝင်းဌေး,1,3
ဝင်းဝင်းတင်,1,3
ဝင်းဝင်းထွေး,1,3
ဝင်းဝင်းနိုင်,1,3
ဝင်းဝင်းနု,1,3
ဝင်းဝင်းနွယ်,1,3
ဝင်းဝင်းမာ,1,3
ဝင်းဝင်းမေ,1,3
ဝင်းဝင်းမော်,1,3
ဝင်းဝင်းမြ,1,3
ဝင်းဝင်းမြင့်,1,3
ဝင်းဝင်းရီ,1,3
ဝင်းဝင်းရွှေ,1,3
ဝင်းဝင်းလှိုင်,1,3
ဝင်းဝင်းသန်း,1,3
ဝင်းဝင်းသိန်း,1,3
ဝင်းဝင်းအေး,1,3
ဝင်းသန္တာ,1,3
ဝင်းသီရိနိုင်,1,4
ဝင်းသီရိအောင်,1,4
ဝတီလင်းလက်,1,4
ဝတ်မှုန်ထက်,1,3
ဝတ်မှုန်ရွှေရီ,1,4
ဝတ်မှုံ,1,2
ဝတ်မှုံရွှေရီ,1,4
ဝတ်ရီစံ,1,3
ဝတ်ရီထွန်း,1,3
ဝတ်ရီပိုင်,1,3
ဝတ်ရီရွှန်းလဲ့,1,4
ဝတ်ရီ,1,2
ဝာ,1,1
ဝာဝာ,1,2
ဝာဝာခင်,1,3
ဝာဝာခိုင်,1,3
ဝာဝာစိုး,1,3
ဝာဝာတင်,1,3
ဝာဝာထွန်း,1,3
ဝာဝာနိုင်,1,3
ဝာဝာပိုင်,1,3
ဝာဝာမြင့်,1,3
ဝာဝာရွှေ,1,3
ဝာဝာရှိန်း,1,3
ဝာဝာလွင်,1,3
ဝာဝာလှိုင်,1,3
ဝာဝာဝင်း,1,3
ဝာဝာဝင်းရွှေ,1,4
ဝာဝာအောင်,1,3
ဝာဝာဦး,1,3
ဝိုင်းစန္ဒာ,1,3
ဝိုင်းစန္ဒီ,1,3
ဝိုင်းမြတ်နိုးမောင်,1,4
ဝိုင်းယုယဦး,1,4
ဝိုင်းလဲ့ဖြူစင်,1,4
ဝေမွန်အေး,1,3
ဝေဝေ,1,2
ဝေဝေခင်,1,3
ဝေဝေခိုင်,1,3
ဝေဝေဇင်,1,3
ဝေဝေတင်,1,3
ဝေဝေထွန်း,1,3
ဝေဝေနွယ်,1,3
ဝေဝေမြင့်,1,3
ဝေဝေရီ,1,3
ဝေဝေလွင်,1,3
ဝေဝေလှိုင်,1,3
ဝေဝေအောင်,1,3
သက်ထက်,1,2
သက်ထက်အေးငြိန်း,1,4
သက်ထား,1,2
သက်ထားစန္ဒာ,1,4
သက်ထားဆန်း,1,3
သက်ထားဇင်,1,3
သက်ထားနွယ်,1,3
သက်ဒာလီဇော်,1,4
သက်နွေးငြိန်း,1,3
သက်ပိုးအိန်,1,3
သက်မာဦး,1,3
သက်မွန်,1,2
သက်မွန်မြင့်,1,3
သက်မှူးသူ,1,3
သက်သက်,1,2
သက်သက်ခိုင်,1,3
သက်သက်စိုး,1,3
သက်သက်ဆွေ,1,3
သက်သက်နိုင်,1,3
သက်သက်နွယ်,1,3
သက်သက်မင်းသိန်း,1,4
သက်သက်မာ,1,3
သက်သက်မော်,1,3
သက်သက်လွင်,1,3
သက်သက်ဝင်း,1,3
သက်သက်အောင်,1,3
သက်သက်ဦး,1,3
သင်ဇာ,1,2
သင်ဇာစိုးစံ,1,4
သင်ဇာနွယ်ဝင်း,1,4
သင်ဇာမော်,1,3
သင်ဇာမွန်,1,3
သင်ဇာသက်အောင်,1,4
သင်ဇာဝင့်ကြော်,1,4
သင်းကြီ,1,2
သင်းနွယ်စိုး,1,3
သင်းမို့မို့အောင်,1,4
သင်းလဲ့ဖြူ,1,3
သင်းလဲ့ရတနာ,1,5
သင်းဝတ်ရီအောင်,1,4
သင်းသင်း,1,2
သင်းသင်းကြီ,1,3
သင်းသင်းကြူ,1,3
သင်းသင်းခိုင်,1,3
သင်းသင်းစိန်,1,3
သင်းသင်းစိုး,1,3
သင်းသင်းဆွေ,1,3
သင်းသင်းဌေး,1,3
သင်းသင်းထွန်း,1,3
သင်းသင်းထွေး,1,3
သင်းသင်းနိုင်,1,3
သင်းသင်းနွယ်,1,3
သင်းသင်းမာ,1,3
သင်းသင်းမော်,1,3
သင်းသင်းမြင့်,1,3
သင်းသင်းမြတ်,1,3
သင်းသင်းမြိုင်,1,3
သင်းသင်းမွန်,1,3
သင်းသင်းမွေး,1,3
သင်းသင်းယု,1,3
သင်းသင်းရီ,1,3
သင်းသင်းလွင်,1,3
သင်းသင်းလှိုင်,1,3
သင်းသင်းဝင်း,1,3
သင်းသင်းဝေ,1,3
သင်းသင်းအောင်,1,3
သင်းသင်းအေး,1,3
သင်းသင်းဦး,1,3
သင်းသီရိဖြူ,1,4
သင်းအိဖြူ,1,3
သင်းရွှေစင်ဝင်း,1,4
သစ္စာ,1,2
သဇင်ထက်,1,3
သဇင်နွယ်အေး,1,4
သဇင်ဖြိုး,1,3
သဇင်မိုးမြင့်,1,4
သဇင်မော်,1,3
သဇင်မြင့်,1,3
သဇင်မြင့်,1,3
သဇင်အောင်,1,3
သဇင်ဦး,1,3
သဒ္ဒာ,1,2
သဒ္ဒာခင်,1,3
သဒ္ဓာ,1,2
သန့်သီရိ,1,3
သန့်သီရိမောင်,1,4
သန္တာ,1,2
သန္တာကြော်,1,3
သန္တာခြို,1,3
သန္တာစိုး,1,3
သန္တာဆွေ,1,3
သန္တာဌေး,1,3
သန္တာထွန်း,1,3
သန္တာနှင်းဆွေ,1,4
သန္တာမောင်,1,3
သန္တာမြိူး,1,3
သန္တာမြင့်,1,3
သန္တာရွှန်းလဲ့,1,4
သန္တာရွှေ,1,3
သန္တာလွင်,1,3
သန္တာလွန်းအိန်,1,4
သန္တာလှိုင်,1,3
သန္တာဝင်း,1,3
သန္တာဝေ,1,3
သန္တာသိန်း,1,3
သန္တာအောင်,1,3
သန္တာအေး,1,3
သန္တာဦး,1,3
သန်းကြီ,1,2
သန်းဆင့်,1,2
သန်းဆုမိုး,1,3
သန်းနု,1,2
သန်းနွဲ့,1,2
သန်းနှင့်,1,2
သန်းမူ,1,2
သန်းမေ,1,2
သန်းရင်,1,2
သန်းရှင်း,1,2
သန်းသန်း,1,2
သန်းသန်းကြီ,1,3
သန်းသန်းကြူ,1,3
သန်းသန်းခိုင်,1,3
သန်းသန်းခြို,1,3
သန်းသန်းငွေ,1,3
သန်းသန်းစိန်,1,3
သန်းသန်းစိုး,1,3
သန်းသန်းစိုးစံ,1,4
သန်းသန်းဆင့်,1,3
သန်းသန်းဆု,1,3
သန်းသန်းဆွေ,1,3
သန်းသန်းညွန့်,1,3
သန်းသန်းတင်,1,3
သန်းသန်းတင့်,1,3
သန်းသန်းထွေး,1,3
သန်းသန်းနိုင်,1,3
သန်းသန်းနု,1,3
သန်းသန်းနွယ်,1,3
သန်းသန်းမူ,1,3
သန်းသန်းမေ,1,3
သန်းသန်းမော်,1,3
သန်းသန်းမြ,1,3
သန်းသန်းမြင့်,1,3
သန်းသန်းယု,1,3
သန်းသန်းရင်,1,3
သန်းသန်းရီ,1,3
သန်းသန်းရွှေ,1,3
သန်းသန်းလေး,1,3
သန်းသန်းလွင်,1,3
သန်းသန်းလှ,1,3
သန်းသန်းလှိုင်,1,3
သန်းသန်းဝင်း,1,3
သန်းသန်းဝေ,1,3
သန်းသန်းအောင်,1,3
သန်းသန်းအေး,1,3
သန်းသန်းဦး,1,3
သန်းအိ,1,2
သန်းသန်းဌေး,1,3
သပြေ,1,2
သရဖီတင်,1,4
သိင်္ဂီ,1,2
သိင်္ဂီကြော်,1,3
သိင်္ဂီစိုး,1,3
သိင်္ဂီထွန်း,1,3
သိင်္ဂီပိုးကိုကို,1,5
သိင်္ဂီမောင်မောင်,1,4
သိင်္ဂီမြင့်,1,3
သိင်္ဂီဝင်း,1,3
သိင်္ဂီဝေ,1,3
သိင်္ဂီသန့်သန့်,1,4
သိင်္ဂီအောင်,1,3
သိန်းခင်,1,2
သိန်းဂီ,1,2
သိန်းနု,1,2
သိန်းမေ,1,2
သိန်းမြ,1,2
သိန်းရင်,1,2
သိန်းရီ,1,2
သိန်းရှင်း,1,2
သိန်းသိန်း,1,2
သိန်းသိန်းညွန့်,1,3
သိန်းသိန်းဌေး,1,3
သိန်းသိန်းနွယ်,1,3
သိန်းသိန်းမြင့်,1,3
သိန်းသိန်းရီ,1,3
သိန်းသိန်းဝင်း,1,3
သိန်းသိန်းအေး,1,3
သိန်းသိန်းဦး,1,3
သိမ့်ခြစ်ခြစ်စိုး,1,4
သိမ့်နန္ဒာထွန်း,1,4
သိမ့်ပိုပိုအောင်,1,4
သိမ့်ဖြူဖြူထွန်း,1,4
သိမ့်ဝတီမောင်,1,4
သိမ့်သင်ဇာသဲ့,1,4
သိမ့်သိမ့်သူ,1,3
သိမ့်သိမ့်ဟန်,1,3
သိမ့်သိမ့်အောင်,1,3
သီ,1,1
သီတာ,1,2
သီတာခင်,1,3
သီတာခိုင်,1,3
သီတာခြို,1,3
သီတာစိုး,1,3
သီတာဆန်း,1,3
သီတာဆွေ,1,3
သီတာဇော်,1,3
သီတာညွန့်,1,3
သီတာဌေး,1,3
သီတာတင်,1,3
သီတာထွန်း,1,3
သီတာထွေး,1,3
သီတာနွယ်,1,3
သီတာမင်း,1,3
သီတာမိုး,1,3
သီတာမြင့်,1,3
သီတာရွှေ,1,3
သီတာလင်း,1,3
သီတာလွင်,1,3
သီတာဝင်း,1,3
သီတာသိန်း,1,3
သီတာဟန်,1,3
သီတာအောင်,1,3
သီတာအေး,1,3
သီတာဦး,1,3
သီရိ,1,2
သီရိကိုကို,1,4
သီရိခြို,1,3
သီရိစန္ဒာ,1,4
သီရိစုနိုင်,1,4
သီရိစံ,1,3
သီရိထက်ကို,1,4
သီရိပြည့်စုံ,1,4
သီရိဖြိုးစံ,1,4
သီရိဖြူစင်,1,4
သီရိမေ,1,3
သီရိမောင်,1,3
သီရိမြတ်စု,1,4
သီရိရတနာ,1,5
သီရိရတနာခင်,1,6
သီရိရွှေစင်,1,4
သီရိဝင်း,1,3
သီရိဝေဖြိုး,1,4
သီရိသက်ပိုင်မှူး,1,5
သီရိသစ်ဝင်း,1,4
သီရိဟန်,1,3
သီရိအေး,1,3
သီသီ,1,2
သီသီခင်,1,3
သီသီခိုင်,1,3
သီသီစိုး,1,3
သီသီဆန်း,1,3
သီသီညွန့်,1,3
သီသီတင်,1,3
သီသီထွန်း,1,3
သီသီနွယ်,1,3
သီသီမာ,1,3
သီသီမော်,1,3
သီသီမြင့်,1,3
သီသီမွန်,1,3
သီသီလွင်,1,3
သီသီလှိုင်,1,3
သီသီဝင်း,1,3
သီသီအောင်,1,3
သီသီအေး,1,3
သီသီဦး,1,3
သုနန္ဒာစိုး,1,4
သုနန္ဒာအောင်,1,4
သုသဒ္ဓာ,1,3
သူဇာ,1,2
သူဇာခင်,1,3
သူဇာငြိန်း,1,3
သူဇာညွန့်,1,3
သူဇာဌေး,1,3
သူဇာတင်,1,3
သူဇာထွန်း,1,3
သူဇာနိုင်,1,3
သူဇာမင်း,1,3
သူဇာမိုး,1,3
သူဇာမြင့်,1,3
သူဇာလွင်,1,3
သူဇာဝင်,1,3
သူဇာဝင်း,1,3
သူဇာဝေ,1,3
သူဇာသန်း,1,3
သူဇာသိန်း,1,3
သူဇာအောင်,1,3
သူဇာဦး,1,3
သူတ,1,2
သူတော်,1,2
သူမန,1,3
သူသူ,1,2
သောင်းမေ,1,2
သောင်းရီ,1,2
သောင်းသောင်း,1,2
သော်တာခြို,1,3
သော်တာထက်ဝေ,1,4
သော်တာရီ,1,3
သော်တာဦး,1,3
သော်သော်အောင်,1,3
သဲစုတာရာထက်,1,5
သဲဆုနန္ဒာ,1,4
သဲဆုမွန်,1,3
သဲဆုမွန်ခိုင်,1,4
သဲဆုဟန်,1,3
သဲဆုအောင်,1,3
သဲ့ရတနာအောင်,1,5
သဲ့သီရိကို,1,4
သံစဥ်,1,3
သွင်သွင်,1,2
သွင်အိ,1,2
သွန်းကဗြာ,1,3
သွန်းဆက်,1,2
သွန်းဆက်သာ,1,3
သွန်းထက်စံ,1,3
သွန်းနဒီဖြိုး,1,4
သွန်းပြည့်ပြည့်သူ,1,4
သွန်းရတနာ,1,4
သွန်းရတီ,1,3
သွန်းဧကရီ,1,4
သွယ်ဆက်ပိုင်,1,3
သွယ်နန္ဒာသိန်း,1,4
ဟန်ကေဖြိုးသွယ်,1,4
ဟန်ဇင်စိုး,1,3
ဟန်ထက်ထက်ဇော်,1,4
ဟန်နီထွန်း,1,3
ဟန်နီနွေဦး,1,4
ဟန်နီနွေဦး,1,4
ဟန်နီဖူး,1,3
ဟန်နီဖူးမောင်,1,4
ဟန်နီမောင်မောင်,1,4
ဟန်နီအေး,1,3
ဟန်နွေးသိမ့်,1,3
ဟန်ရတီ,1,3
ဟန်ရူပာ,1,3
ဟန်သာနွယ်,1,3
ဟန်သီထွန်း,1,3
ဟေမာကြော်ဦး,1,4
ဟေမာနေဝင်း,1,4
ဟေမာန်ကိုကို,1,4
ဟေမာန်ငြိန်းခြန်း,1,4
ဟေမာန်ဖူးဖူး,1,4
ဟေမာန်ဝင့်အောင်,1,4
ဟေမာန်သက်နှင်း,1,4
ဟေမာန်သီရိကြော်,1,5
ဟေမာန်ဦး,1,3
ဟေမာနှင်းဝတ်ရီ,1,5
ဟေမာမြိုးသိန်း,1,4
ဟေမာလွင်,1,3
ဟေမာသက်နှင်း,1,4
ဟေမာသဇင်ဖြိုး,1,5
ဟေမာအေးဝင်း,1,4
ဟေသာမောင်,1,3
အင်ကြင်း,1,2
အင်ကြင်းခိုင်,1,3
အင်ကြင်းစိုး,1,3
အင်ကြင်းစံ,1,3
အင်ကြင်းမေ,1,3
အင်ကြင်းမွှေး,1,3
အင်ကြင်းရှိန်,1,3
အိကြီပြာစိုး,1,4
အိကြီဖြူ,1,3
အိခန့်ပိုင်,1,3
အိခိုင်မြင့်,1,3
အိခိုင်မြင့်ကြီ,1,4
အိခြိုငြိန်း,1,3
အိခြိုဦး,1,3
အိခွာညို,1,3
အိငယ်,1,2
အိဇင်ဖူးသန့်,1,4
အိဇင်မြိုး,1,3
အိထက်ခြို,1,3
အိနန္ဒာအောင်,1,4
အိနိုနိုဖြူ,1,4
အိန္ဒာမိုး,1,3
အိန္ဒြာမြင့်သောင်း,1,4
အိန္ဒြာအောင်,1,3
အိန္ဒြေထူးအောင်,1,4
အိန္ဒြေမိုးမြင့်,1,4
အိနွေဖြိုး,1,3
အိပိုင်ပိုင်ဖြိုး,1,4
အိပိုးဖြူ,1,3
အိပြည့်စုံ,1,3
အိပြည့်ပြည့်စံ,1,4
အိဖြိုးကြော်,1,3
အိဖြူကြော်,1,3
အိဖြူစင်,1,3
အိဖြူဇင်,1,3
အိဖြူမိုး,1,3
အိဖြူသွယ်,1,3
အိမေဇင်,1,3
အိမေဇင်ခြို,1,4
အိမော်ခိုင်,1,3
အိမ့်ခြူးခင်,1,3
အိမ့်မှူး,1,2
အိမ့်မှူးစံ,1,3
အိမ့်သက်စု,1,3
အိမ့်သက်ဝေ,1,3
အိန့်ဖူးခင်,1,3
အိန့်မှူးခင်,1,3
အိမြတ်နိုး,1,3
အိမြတ်နိုးဦး,1,4
အိမြတ်မောင်,1,3
အိမြတ်ရွှေစင်,1,4
အိမွန်,1,2
အိမွန်ကြော်,1,3
အိမွန်ခြို,1,3
အိမွန်ထွေး,1,3
အိမွန်ဘို,1,3
အိမွန်မွန်ကြော်,1,4
အိမွန်မွန်သူ,1,4
အိမွှေးပိုင်,1,3
အိယမင်း,1,3
အိယမင်းခင်,1,4
အိရတနာ,1,4
အိရတနာခင်,1,5
အိရတနာဖြိုး,1,5
အိရွှေဆင်,1,3
အိသက်သက်ဆွေ,1,4
အိသင်ဇာခိုင်,1,4
အိသင်ဇာထက်,1,4
အိသင်ဇာထွန်း,1,4
အိသင်ဇာမွန်,1,4
အိသင်ဇာဦး,1,4
အိသစ္စာ,1,3
အိသဇင်,1,3
အိသဇင်ထက်,1,4
အိသဇင်မြိုး,1,4
အိသဇင်ဝင်း,1,4
အိသီးမြတ်,1,3
အိသန္တာ,1,3
အိသန္တာကြော်,1,4
အိသန္တာဇော်,1,4
အိသန္တာထွန်း,1,4
အိသန္တာဖြိုး,1,4
အိသန္တာမြိုး,1,4
အိသန္တာလွင်,1,4
အိသဥ္ဇာကို,1,4
အိသဥ္ဇာကြော်,1,4
အိသဥ္ဇာဦး,1,4
အိသီရိအောင်,1,4
အိသူခိုင်,1,3
အိသူဇာဝင်း,1,4
အိသူသူနွေး,1,4
အိသူသူအောင်,1,4
အိသဲခြို,1,3
အိဟေမာဇော်,1,4
အိအိကြော်,1,3
အိအိခင်,1,3
အိအိခိုင်,1,3
အိအိခိုင်ဖြိုး,1,4
အိအိခြော်,1,3
အိအိစိုး,1,3
အိအိဆန်း,1,3
အိအိညွန့်,1,3
အိအိထွေး,1,3
အိအိပြည့်ဖြိုး,1,4
အိအိဖြိုး,1,3
အိအိဖြိုးကြော်,1,4
အိအိဖြိုးဟန်,1,4
အိအိမိုး,1,3
အိအိမော်,1,3
အိအိမြိုး,1,3
အိအိမြမောင်,1,4
အိအိမွန်,1,3
အိအိရတနာ,1,5
အိအိလွင်,1,3
အိအိလှိုင်,1,3
အိအိဝင်း,1,3
အိအိသက်,1,3
အိအိသန္တာ,1,4
အိန္ဒြေကြော်,1,3
အုံးကြီ,1,2
အုံးမေ,1,2
အုံးရင်,1,2
အုံးရှင်း,1,2
အုံးလှ,1,2
အုံးအုံး,1,2
အုံးအုံးမြင့်,1,3
အေမီခိုင်,1,3
အောင်ဆန်းစုကြီ,1,4
အောင်ဆန်းစုဝေ,1,4
အောင်မေ,1,2
အေးကြီငြိန်း,1,3
အေးကြီပြာမင်း,1,4
အေးကြီဖြူမြင့်,1,4
အေးခင်,1,2
အေးခန့်ပိုင်,1,3
အေးခန်,1,2
အေးခြန်းငြိန်း,1,3
အေးခြန်းပိုင်,1,3
အေးခြန်းပွင့်ဖြူ,1,4
အေးခြန်းဖြိုး,1,3
အေးခြန်းဖြူ,1,3
အေးခြန်းမင်းလွင်,1,4
အေးခြန်းမိုး,1,3
အေးခြန်းမိုးမိုး,1,4
အေးခြန်းမြင့်,1,3
အေးခြန်းမြတ်ဖြိုး,1,4
အေးခြန်းမြေ့,1,3
အေးခြန်းမြေ့ဖြိုး,1,4
အေးခြန်းမွန်ဇော်,1,4
အေးခြန်းရိပ်,1,3
အေးခြန်းသက်တင်,1,4
အေးခြန်းသူ,1,3
အေးခွေ,1,2
အေးငြိန်းခိုင်,1,3
အေးငြိန်းခြန်းကြော်,1,4
အေးငြိန်းခြန်းဦး,1,4
အေးငြိန်းစိုး,1,3
အေးငြိန်းဇော်,1,3
အေးငြိန်းဖြူ,1,3
အေးငြိန်းမြတ်,1,3
အေးငြိန်းသန့်,1,3
အေးငြိန်းသူ,1,3
အေးစန္ဒာ,1,3
အေးစန္ဒာဝင်း,1,4
အေးစုစံ,1,3
အေးစုမွန်,1,3
အေးညို,1,2
အေးတင့်,1,2
အေးထွဋ်မို့မို့,1,4
အေးထွေး,1,2
အေးနန်း,1,2
အေးနု,1,2
အေးနွယ်,1,2
အေးနွယ်ခြော,1,3
အေးနွယ်ဦး,1,3
အေးနှင်းခိုင်,1,3
အေးနှင်းပွင့်,1,3
အေးမင်းမင်းကို,1,4
အေးမင်းမေ,1,3
အေးမာ,1,2
အေးမိ,1,2
အေးမို့မို့နိုင်,1,4
အေးမိုးလွင်,1,3
အေးမိုးသူ,1,3
အေးမီ,1,2
အေးမီဆန်း,1,3
အေးမီမီကြော်,1,4
အေးမေ,1,2
အေးမြ,1,2
အေးမြကြာဖြူ,1,4
အေးမြင့်မြတ်,1,3
အေးမြင့်ကြီ,1,3
အေးမြင့်ခိုင်,1,3
အေးမြင့်စိုး,1,3
အေးမြင့်နွယ်,1,3
အေးမြင့်ရီ,1,3
အေးမြင့်သန်း,1,3
အေးမြင့်ဦး,1,3
အေးမြငြိန်း,1,3
အေးမြစိုး,1,3
အေးမြဇင်,1,3
အေးမြတ်ကိုကို,1,4
အေးမြတ်နိုး,1,3
အေးမြတ်နွယ်,1,3
အေးမြတ်ဖြူ,1,3
အေးမြတ်မြတ်ဖြိုးကြွယ်,1,5
အေးမြတ်မြတ်မွှေး,1,4
အေးမြတ်မြတ်သူ,1,4
အေးမြတ်မွန်,1,3
အေးမြတ်မွန်ဦး,1,4
အေးမြတ်သူ,1,3
အေးမြတ်သူဇာ,1,4
အေးမြတ်အောင်,1,3
အေးမြမြဝင်း,1,4
အေးမြမွန်,1,3
အေးမြသဇင်,1,4
အေးမြအောင်,1,3
အေးမြိုင်,1,2
အေးမွန်,1,2
အေးမွန်ကြော်,1,3
အေးမွန်မွန်သော်,1,4
အေးယုမွန်,1,3
အေးရင်,1,2
အေးရီ,1,2
အေးရှင်း,1,2
အေးလီ,1,2
အေးလှ,1,2
အေးဝတ်ရီစိုး,1,4
အေးဝတ်ရီသောင်း,1,4
အေးဝဿန်,1,4
အေးသက်ခိုင်,1,3
အေးသင်ဇာခြူး,1,4
အေးသင်းမြတ်,1,3
အေးသစ်,1,2
အေးသန္တာမင်း,1,4
အေးသန္တာမိုး,1,4
အေးသန္တာမြင့်,1,4
အေးသန္တာလွင်,1,4
အေးသန္တာလှိုင်,1,4
အေးသဥ္ဇာ,1,3
အေးသီ,1,2
အေးသီတာ,1,3
အေးသီတာစိုး,1,4
အေးသီတာမိုး,1,4
အေးသီရိ,1,3
အေးသီရိကြော်,1,4
အေးသီရိစံ,1,4
အေးသီရိဇော်,1,4
အေးသီရိထွန်း,1,4
အေးသီသွယ်,1,3
အေးသူဇာ,1,3
အေးသူဇာခိုင်,1,4
အေးသူဇာငြိန်း,1,4
အေးအေးကြော်,1,3
အေးအေးကြီ,1,3
အေးအေးကြိုင်,1,3
အေးအေးကြူ,1,3
အေးအေးခင်,1,3
အေးအေးခန့်,1,3
အေးအေးခိုင်,1,3
အေးအေးခြန်း,1,3
အေးအေးခြို,1,3
အေးအေးငြိန်း,1,3
အေးအေးစီ,1,3
အေးအေးစန်း,1,3
အေးအေးစိန်,1,3
အေးအေးစိုး,1,3
အေးအေးဆန်း,1,3
အေးအေးဆွေ,1,3
အေးအေးညို,1,3
အေးအေးညွန့်,1,3
အေးအေးဌေး,1,3
အေးအေးတင်,1,3
အေးအေးတင့်,1,3
အေးအေးထွန်း,1,3
အေးအေးထွေး,1,3
အေးအေးနိုင်,1,3
အေးအေးနု,1,3
အေးအေးနွယ်,1,3
အေးအေးပြုံး,1,3
အေးအေးမင်း,1,3
အေးအေးမာ,1,3
အေးအေးမိုး,1,3
အေးအေးမူ,1,3
အေးအေးမော်,1,3
အေးအေးမြ,1,3
အေးအေးမြင့်,1,3
အေးအေးမြတ်,1,3
အေးအေးမြိုင်,1,3
အေးအေးမွန်,1,3
အေးအေးရင်,1,3
အေးအေးရီ,1,3
အေးအေးရွှေ,1,3
အေးအေးလက်,1,3
အေးအေးလွင်,1,3
အေးအေးလှ,1,3
အေးအေးလှိုင်,1,3
အေးအေးဝင်း,1,3
အေးအေးသက်,1,3
အေးအေးသင်း,1,3
အေးအေးသစ်,1,3
အေးအေးသန့်,1,3
အေးအေးသန်း,1,3
အေးအေးသိန်း,1,3
အေးအေးသီ,1,3
အေးအေးသောင်း,1,3
အေးအေးသွင်,1,3
အေးအေးသွေး,1,3
အေးအေးဟန်,1,3
အေးအေးအောင်,1,3
အေးအေးဦး,1,3
ဥမ္မာ,1,2
ဥမ္မာကြော်,1,3
ဥမ္မာကြော်အေး,1,4
ဥမ္မာကြီ,1,3
ဥမ္မာခင်,1,3
ဥမ္မာခိုင်,1,3
ဥမ္မာခြို,1,3
ဥမ္မာစိုး,1,3
ဥမ္မာဆန်း,1,3
ဥမ္မာဆွေ,1,3
ဥမ္မာတင်,1,3
ဥမ္မာထွန်း,1,3
ဥမ္မာမြင့်,1,3
ဥမ္မာလင်း,1,3
ဥမ္မာလွင်,1,3
ဥမ္မာလှိုင်,1,3
ဥမ္မာဝင်း,1,3
ဥမ္မာသန်း,1,3
ဥမ္မာအောင်,1,3
ဥမ္မာအေး,1,3
ဦး,1,1
ဧကရီကြော်,1,4
ဧကရီဇော်,1,4
ဧကရီမှူးပိုင်,1,5
ဧပရယ်စု,1,4
ဆောင်းသင်ဇာ,1,3
ဌေးဌေးစန်း,1,3
အေမီဖြိုး,1,3
အေးမြတ်မိုးလွင်,1,4
ကို,0,1
ကိုကို,0,2
ကိုကိုကြော်,0,3
ကိုကိုကြီ,0,3
ကိုကိုကြီး,0,3
ကိုကိုစိုး,0,3
ကိုကိုဇော်,0,3
ကိုကိုတင်,0,3
ကိုကိုထွန်း,0,3
ကိုကိုထွေး,0,3
ကိုကိုနိုင်,0,3
ကိုကိုမောင်,0,3
ကိုကိုမြင့်,0,3
ကိုကိုလက်,0,3
ကိုကိုလေး,0,3
ကိုကိုလွင်,0,3
ကိုကိုလှိုင်,0,3
ကိုကိုဝင်း,0,3
ကိုကိုသိန်း,0,3
ကိုကိုအောင်,0,3
ကိုကိုအေး,0,3
ကိုကိုဦး,0,3
ကိုကြီ,0,2
ကိုကြီး,0,2
ကိုမြင့်,0,2
ကိုလက်,0,2
ကိုလေး,0,2
ကိုဝင်း,0,2
ကိုအောင်,0,2
ကိုဦး,0,2
ကောင်း,0,1
ကောင်းကောင်း,0,2
ကောင်းခန့်ကြော်,0,3
ကောင်းခန့်စီ,0,3
ကောင်းခန့်ဇော်,0,3
ကောင်းခန့်သော်,0,3
ကောင်းခန့်ဦး,0,3
ကောင်းဆက်ကြော်သူ,0,4
ကောင်းဆက်နိုင်,0,3
ကောင်းဆက်ပိုင်ဇော်,0,4
ကောင်းဆန်း,0,2
ကောင်းဇင်သူ,0,3
ကောင်းဇာနီ,0,3
ကောင်းညွန့်,0,2
ကောင်းထက်ကြော်,0,3
ကောင်းထက်ဇော်,0,3
ကောင်းပြည့်အောင်,0,3
ကောင်းမင်းခန့်,0,3
ကောင်းမြင့်စိုး,0,3
ကောင်းမြင့်,0,2
ကောင်းမြတ်,0,2
ကောင်းမြတ်ခန့်,0,3
ကောင်းမြတ်ဇော်,0,3
ကောင်းမြတ်ထီ,0,3
ကောင်းမြတ်ထွန်း,0,3
ကောင်းမြတ်အောင်,0,3
ကောင်းလက်ရုံး,0,3
ကောင်းဝေဇင်,0,3
ကောင်းသန့်ဝင်း,0,3
ကောင်းသန့်လွင်,0,3
ကံ,0,1
ကံကြီး,0,2
ကံခြာ,0,2
ကံခြွန်,0,2
ကံစ,0,2
ကံစိန်,0,2
ကံဆင့်,0,2
ကံညွန့်,0,2
ကံဌေး,0,2
ကံတင်,0,2
ကံထူး,0,2
ကံထွန်း,0,2
ကံထွေး,0,2
ကံမောင်,0,2
ကံမြင့်,0,2
ကံရ,0,2
ကံရင်,0,2
ကံရှိန်း,0,2
ကံရှီ,0,2
ကံလှ,0,2
ကံလှိုင်,0,2
ကံဝင်း,0,2
ကံသာ,0,2
ကံသိန်း,0,2
ကံသောင်း,0,2
ကံအေး,0,2
ကံဦး,0,2
ကြော်,0,1
ကြော်ကိုကို,0,3
ကြော်ကြော်,0,2
ကြော်ကြော်ခိုင်,0,3
ကြော်ကြော်စိန်,0,3
ကြော်ကြော်စိုး,0,3
ကြော်ကြော်ဇင်,0,3
ကြော်ကြော်ညွန့်,0,3
ကြော်ကြော်ဌေး,0,3
ကြော်ကြော်ထွန်း,0,3
ကြော်ကြော်ထွေး,0,3
ကြော်ကြော်နိုင်,0,3
ကြော်ကြော်မင်း,0,3
ကြော်ကြော်မိုး,0,3
ကြော်ကြော်မြင့်,0,3
ကြော်ကြော်လင်း,0,3
ကြော်ကြော်လွင်,0,3
ကြော်ကြော်လှိုင်,0,3
ကြော်ကြော်ဝင်း,0,3
ကြော်ကြော်သိန်း,0,3
ကြော်ကြော်အောင်,0,3
ကြော်ကြော်အေး,0,3
ကြော်ကြော်ဦး,0,3
ကြော်ကြီး,0,2
ကြော်ခင်,0,2
ကြော်ခင်သိန်း,0,3
ကြော်ခိုင်,0,2
ကြော်ခိုင်ဦး,0,3
ကြော်ငြိန်း,0,2
ကြော်ငြိန်းထွန်း,0,3
ကြော်ငွေ,0,2
ကြော်စိန်,0,2
ကြော်စိန်ထွန်း,0,3
ကြော်စိန်လှ,0,3
ကြော်စိန်ဝင်း,0,3
ကြော်စိုး,0,2
ကြော်စိုးခိုင်,0,3
ကြော်စိုးထွန်း,0,3
ကြော်စိုးနိုင်,0,3
ကြော်စိုးမင်း,0,3
ကြော်စိုးမိုး,0,3
ကြော်စိုးမြင့်,0,3
ကြော်စိုးလင်း,0,3
ကြော်စိုးလွင်,0,3
ကြော်စိုးလှိုင်,0,3
ကြော်စိုးဝင်း,0,3
ကြော်စိုးအောင်,0,3
ကြော်စိုးဦး,0,3
ကြော်စွာ,0,2
ကြော်စွာစိုး,0,3
ကြော်စွာထွန်း,0,3
ကြော်စွာမင်း,0,3
ကြော်စွာမြင့်,0,3
ကြော်စွာလင်း,0,3
ကြော်စွာလွင်,0,3
ကြော်စွာဝင်း,0,3
ကြော်စွာအောင်,0,3
ကြော်စွာဦး,0,3
ကြော်ဆင့်,0,2
ကြော်ဆန်း,0,2
ကြော်ဆန်းထွန်း,0,3
ကြော်ဆန်းမြင့်,0,3
ကြော်ဆန်းလင်း,0,3
ကြော်ဆန်းလွင်,0,3
ကြော်ဆန်းဝင်း,0,3
ကြော်ဆန်းဦး,0,3
ကြော်ဆွေ,0,2
ကြော်ဆွေဝင်း,0,3
ကြော်ဆွေဦး,0,3
ကြော်ဇင်,0,2
ကြော်ဇင်ထွန်း,0,3
ကြော်ဇင်လက်,0,3
ကြော်ဇင်ဦး,0,3
ကြော်ဇန်,0,2
ကြော်ဇေယြာ,0,3
ကြော်ဇေယြာလင်း,0,4
ကြော်ဇေယြာဝင်း,0,4
ကြော်ဇေယြာသိန်း,0,4
ကြော်ဇော်,0,2
ကြော်ဇော်ထွန်း,0,3
ကြော်ဇော်လင်း,0,3
ကြော်ဇော်အောင်,0,3
ကြော်ဇော်ဦး,0,3
ကြော်ညန်ထွန်း,0,3
ကြော်ညွန့်,0,2
ကြော်ဌေး,0,2
ကြော်တင်,0,2
ကြော်တင့်,0,2
ကြော်တိုး,0,2
ကြော်ထက်,0,2
ကြော်ထင်,0,2
ကြော်ထိုက်,0,2
ကြော်ထူး,0,2
ကြော်ထွဋ်ခောင်,0,3
ကြော်ထွန်း,0,2
ကြော်ထွန်းနိုင်,0,3
ကြော်ထွန်းမြင့်,0,3
ကြော်ထွန်းဝင်း,0,3
ကြော်ထွန်းအောင်,0,3
ကြော်ထွန်းဦး,0,3
ကြော်ထွေး,0,2
ကြော်ဒင်,0,2
ကြော်ဒွန်း,0,2
ကြော်နိုင်,0,2
ကြော်နိုင်စိုး,0,3
ကြော်နိုင်ထွန်း,0,3
ကြော်နိုင်ဝင်း,0,3
ကြော်နိုင်ဦး,0,3
ကြော်ပိုင်,0,2
ကြော်ဖေ,0,2
ကြော်မင်း,0,2
ကြော်မင်းခိုင်,0,3
ကြော်မင်းစိုး,0,3
ကြော်မင်းထွန်း,0,3
ကြော်မင်းနိုင်,0,3
ကြော်မင်းလွင်,0,3
ကြော်မင်းသိန်း,0,3
ကြော်မင်းအောင်,0,3
ကြော်မင်းအေး,0,3
ကြော်မင်းဦး,0,3
ကြော်မိုး,0,2
ကြော်မိုးခိုင်,0,3
ကြော်မိုးဇော်,0,3
ကြော်မိုးနိုင်,0,3
ကြော်မိုးလွင်,0,3
ကြော်မိုးသူ,0,3
ကြော်မိုးအောင်,0,3
ကြော်မောင်,0,2
ကြော်မြိုး,0,2
ကြော်မြိုးခိုင်,0,3
ကြော်မြိုးညွန့်,0,3
ကြော်မြိုးထွန်း,0,3
ကြော်မြိုးနိုင်,0,3
ကြော်မြိုးလွင်,0,3
ကြော်မြိုးလှိုင်,0,3
ကြော်မြိုးဝင်း,0,3
ကြော်မြိုးအောင်,0,3
ကြော်မြ,0,2
ကြော်မြင့်,0,2
ကြော်မြင့်ဆွေ,0,3
ကြော်မြင့်ထွန်း,0,3
ကြော်မြင့်နိုင်,0,3
ကြော်မြင့်သိန်း,0,3
ကြော်မြင့်အောင်,0,3
ကြော်မြင့်ဦး,0,3
ကြော်မြတ်စိုး,0,3
ကြော်မြသိန်း,0,3
ကြော်မြိုင်,0,2
ကြော်ရ,0,2
ကြော်ရင်,0,2
ကြော်ရန်,0,2
ကြော်ရီ,0,2
ကြော်ရွှေ,0,2
ကြော်ရှင်း,0,2
ကြော်ရှိန်း,0,2
ကြော်လင်း,0,2
ကြော်လင်းထွန်း,0,3
ကြော်လင်းအောင်,0,3
ကြော်လင်းဦး,0,3
ကြော်လေး,0,2
ကြော်လွင်,0,2
ကြော်လွင်ဦး,0,3
ကြော်လှ,0,2
ကြော်လှိုင်,0,2
ကြော်ဝ,0,2
ကြော်ဝင်း,0,2
ကြော်ဝင်းစိန်,0,3
ကြော်ဝင်းဆွေ,0,3
ကြော်ဝင်းထွန်း,0,3
ကြော်ဝင်းနိုင်,0,3
ကြော်ဝင်းမောင်,0,3
ကြော်ဝင်းမြင့်,0,3
ကြော်ဝင်းလှိုင်,0,3
ကြော်ဝင်းအောင်,0,3
ကြော်ဝင်းဦး,0,3
ကြော်ဝန်,0,2
ကြော်ဝေ,0,2
ကြော်သက်,0,2
ကြော်သက်လှိုင်,0,3
ကြော်သင်း,0,2
ကြော်သန့်,0,2
ကြော်သန်း,0,2
ကြော်သန်းဌေး,0,3
ကြော်သန်းဦး,0,3
ကြော်သာ,0,2
ကြော်သိန်း,0,2
ကြော်သိန်းဦး,0,3
ကြော်သီဟ,0,3
ကြော်သူ,0,2
ကြော်သူရ,0,3
ကြော်သူလင်း,0,3
ကြော်သူဝင်း,0,3
ကြော်သူအောင်,0,3
ကြော်သောင်း,0,2
ကြော်သွင်,0,2
ကြော်ဟန်,0,2
ကြော်ဟိန်း,0,2
ကြော်ဟိုး,0,2
ကြော်အုံး,0,2
ကြော်အောင်,0,2
ကြော်အေး,0,2
ကြော်ဦး,0,2
ကြော်တေဇ,0,3
ကြီခိုင်,0,2
ကြီငြိန်း,0,2
ကြီငွေ,0,2
ကြီစိုင်း,0,2
ကြီစိုး,0,2
ကြီစော,0,2
ကြီဆောင်,0,2
ကြီဆွေ,0,2
ကြီညို,0,2
ကြီတင်,0,2
ကြီတိုး,0,2
ကြီထိန်,0,2
ကြီထူး,0,2
ကြီထွန်း,0,2
ကြီနိုင်,0,2
ကြီဖေ,0,2
ကြီမင်း,0,2
ကြီမိုး,0,2
ကြီမောင်,0,2
ကြီမြိုးလွင်,0,3
ကြီရွှင်,0,2
ကြီရွှေ,0,2
ကြီရှင်း,0,2
ကြီရှိန်း,0,2
ကြီရှိုက်,0,2
ကြီလင်း,0,2
ကြီလွင်,0,2
ကြီလွင်မြင့်,0,3
ကြီဝက်,0,2
ကြီဝတ်,0,2
ကြီဝန်,0,2
ကြီသာ,0,2
ကြီသောင်း,0,2
ကြီသွင်,0,2
ကြီဟန်,0,2
ကြီဟုတ်,0,2
ကြီအုံး,0,2
ကြီအောင်,0,2
ကြီအေး,0,2
ကြီဦး,0,2
ကြိုင်,0,1
ကြိုင်ဆန်းရွှေ,0,3
ကြီးမောင်,0,2
ကြီးမြင့်,0,2
ကြူ,0,1
ကြူခင်,0,2
ကြူစိန်,0,2
ကြွယ်,0,1
ခင်,0,1
ခင်ကို,0,2
ခင်ကြော်,0,2
ခင်ကြီ,0,2
ခင်ကြိုင်,0,2
ခင်ကြီး,0,2
ခင်ခြို,0,2
ခင်ငြိန်း,0,2
ခင်ငွေ,0,2
ခင်စိန်,0,2
ခင်စိုး,0,2
ခင်စိုးမင်း,0,3
ခင်စော,0,2
ခင်ဆန်း,0,2
ခင်ဆွေ,0,2
ခင်ဇော်,0,2
ခင်ဇော်မြင့်,0,3
ခင်ဇော်ဝင်း,0,3
ခင်ဇော်အောင်,0,3
ခင်ဇော်ဦး,0,3
ခင်ညို,0,2
ခင်ညွန့်,0,2
ခင်ညွန့်,0,2
ခင်ဌေး,0,2
ခင်တိုး,0,2
ခင်ထွန်း,0,2
ခင်ထွေး,0,2
ခင်နိုင်,0,2
ခင်မင်း,0,2
ခင်မောင်,0,2
ခင်မောင်ကို,0,3
ခင်မောင်ကြော်,0,3
ခင်မောင်ကြီ,0,3
ခင်မောင်ကြီး,0,3
ခင်မောင်ကြူ,0,3
ခင်မောင်ခြစ်,0,3
ခင်မောင်ခြို,0,3
ခင်မောင်ငြိန်း,0,3
ခင်မောင်စီ,0,3
ခင်မောင်စိန်,0,3
ခင်မောင်စိုး,0,3
ခင်မောင်စော,0,3
ခင်မောင်ဆင့်,0,3
ခင်မောင်ဆန်း,0,3
ခင်မောင်ဆွေ,0,3
ခင်မောင်ဇင်,0,3
ခင်မောင်ဇော်,0,3
ခင်မောင်ညို,0,3
ခင်မောင်ညွန့်,0,3
ခင်မောင်ဌေး,0,3
ခင်မောင်တင်,0,3
ခင်မောင်တင့်,0,3
ခင်မောင်တိုး,0,3
ခင်မောင်ထက်,0,3
ခင်မောင်ထူး,0,3
ခင်မောင်ထွန်း,0,3
ခင်မောင်ထွေး,0,3
ခင်မောင်ဒွေး,0,3
ခင်မောင်နိုင်,0,3
ခင်မောင်နီ,0,3
ခင်မောင်ဖြူ,0,3
ခင်မောင်ဘို,0,3
ခင်မောင်မောင်,0,3
ခင်မောင်မော်,0,3
ခင်မောင်မြိုး,0,3
ခင်မောင်မြ,0,3
ခင်မောင်မြင့်,0,3
ခင်မောင်မြတ်,0,3
ခင်မောင်ရင်,0,3
ခင်မောင်ရီ,0,3
ခင်မောင်ရွှေ,0,3
ခင်မောင်ရှိန်း,0,3
ခင်မောင်လက်,0,3
ခင်မောင်လင်း,0,3
ခင်မောင်လေး,0,3
ခင်မောင်လွင်,0,3
ခင်မောင်လှ,0,3
ခင်မောင်လှိုင်,0,3
ခင်မောင်ဝင်း,0,3
ခင်မောင်ဝေ,0,3
ခင်မောင်သက်,0,3
ခင်မောင်သင်း,0,3
ခင်မောင်သန့်,0,3
ခင်မောင်သန်း,0,3
ခင်မောင်သိန်း,0,3
ခင်မောင်သောင်း,0,3
ခင်မောင်သွင်,0,3
ခင်မောင်ဟိန်း,0,3
ခင်မောင်အုံး,0,3
ခင်မောင်အေး,0,3
ခင်မောင်ဦး,0,3
ခင်မော်,0,2
ခင်မြိုးအောင်,0,3
ခင်မြ,0,2
ခင်မြင့်,0,2
ခင်ရွှေ,0,2
ခင်ရှိန်း,0,2
ခင်လက်,0,2
ခင်လင်း,0,2
ခင်လှ,0,2
ခင်လှိုင်,0,2
ခင်ဝင်း,0,2
ခင်သန်း,0,2
ခင်သိန်း,0,2
ခင်သောင်း,0,2
ခင်ဟန်,0,2
ခင်ဟုတ်,0,2
ခင်အုံး,0,2
ခင်အောင်,0,2
ခင်အေး,0,2
ခင်ဦး,0,2
ခန့်ကြော်,0,2
ခန့်စီ,0,2
ခန့်စီဖြိုး,0,3
ခန့်စီသူ,0,3
ခန့်ဇော်,0,2
ခန့်ဇွဲညီ,0,3
ခိုင်,0,1
ခိုင်စိုး,0,2
ခိုင်ထွန်း,0,2
ခိုင်မင်း,0,2
ခိုင်လင်း,0,2
ခိုင်ဝင်း,0,2
ခြစ်,0,1
ခြစ်ကို,0,2
ခြစ်ကိုကို,0,3
ခြစ်ကြီ,0,2
ခြစ်ခင်,0,2
ခြစ်ခိုင်,0,2
ခြစ်ငွေ,0,2
ခြစ်စန်းမောင်,0,3
ခြစ်စိန်,0,2
ခြစ်စိုး,0,2
ခြစ်ဆန်း,0,2
ခြစ်ဆောင်,0,2
ခြစ်ဆွေ,0,2
ခြစ်ညွန့်,0,2
ခြစ်ဌေး,0,2
ခြစ်တင်,0,2
ခြစ်တိုး,0,2
ခြစ်တီ,0,2
ခြစ်ထွန်း,0,2
ခြစ်ထွေး,0,2
ခြစ်နိုင်,0,2
ခြစ်ပို,0,2
ခြစ်ဖေ,0,2
ခြစ်မောင်,0,2
ခြစ်မြ,0,2
ခြစ်မြင့်,0,2
ခြစ်မြိုင်,0,2
ခြစ်ရင်,0,2
ခြစ်ရီ,0,2
ခြစ်ရွှေ,0,2
ခြစ်ရှိန်း,0,2
ခြစ်လွင်,0,2
ခြစ်လှ,0,2
ခြစ်လှိုင်,0,2
ခြစ်ဝင်း,0,2
ခြစ်ဝေ,0,2
ခြစ်သန်း,0,2
ခြစ်သိန်း,0,2
ခြစ်သောင်း,0,2
ခြစ်ဟန်,0,2
ခြစ်အောင်,0,2
ခြစ်အေး,0,2
ခြစ်ဦး,0,2
ခြန်း,0,1
ခြန်းကိုမင်း,0,3
ခြန်းငြိန်းစော,0,3
ခြန်းစိန်,0,2
ခြန်းစိန်ဝင်း,0,3
ခြန်းထွန်း,0,2
ခြန်းထွန်းအောင်,0,3
ခြန်းမောင်,0,2
ခြန်းမြ,0,2
ခြန်းမြေ့,0,2
ခြန်းမြေ့ကို,0,3
ခြန်းမြေ့ကိုကို,0,4
ခြန်းသာ,0,2
ခြန်းဟိန်းစံ,0,3
ခြန်းအေး,0,2
ခြို,0,1
ခြိုကြီး,0,2
ခြိုထူး,0,2
ခြိုထွန်း,0,2
ခြိုပြုံး,0,2
ခြိုမြင့်,0,2
ခြိုလေး,0,2
ခြိုလွင်,0,2
ခြိုဝင်း,0,2
ခြိုသူ,0,2
ခြိုအောင်,0,2
ခြိုအေး,0,2
ခြိုဦး,0,2
ခွန်ကြော်သန်း,0,3
ငြိန်း,0,1
ငြိန်းကြော်,0,2
ငြိန်းခြန်းမောင်,0,3
ငြိန်းခြန်းအောင်,0,3
ငြိန်းမောင်,0,2
ငြိန်းမြင့်,0,2
ငြိန်းလွင်,0,2
ငြိန်းအောင်,0,2
ငြိန်းဦး,0,2
ငွေ,0,1
ငွေစိုး,0,2
ငွေဆန်း,0,2
ငွေဇင်,0,2
ငွေဇော်,0,2
ငွေတင်,0,2
ငွေတိုး,0,2
ငွေထွန်း,0,2
ငွေဘော်,0,2
ငွေမောင်,0,2
ငွေရ,0,2
ငွေလင်း,0,2
ငွေလွင်,0,2
ငွေလှိုင်,0,2
ငွေဝင်း,0,2
ငွေသန်း,0,2
ငွေသိန်း,0,2
ငွေသောင်း,0,2
ငွေအောင်,0,2
စီဖြိုး,0,2
စီသူ,0,2
စီသူနိုင်,0,3
စီသူဖြိုး,0,3
စီသူဝင်း,0,3
စီသူဟိန်း,0,3
စီသူအောင်,0,3
စဖြိုးသူထက်,0,4
စိန်,0,1
စိန်ကြော်,0,2
စိန်ကြိုင်,0,2
စိန်ကြီး,0,2
စိန်ကြူ,0,2
စိန်ခို,0,2
စိန်ငွေ,0,2
စိန်ညန်,0,2
စိန်ညို,0,2
စိန်ညွန့်,0,2
စိန်ဌေး,0,2
စိန်တင်,0,2
စိန်တင့်,0,2
စိန်တိုး,0,2
စိန်ထွန်း,0,2
စိန်ထွန်းအောင်,0,3
စိန်ထွေး,0,2
စိန်နိုင်,0,2
စိန်နီ,0,2
စိန်ပို,0,2
စိန်ပော်,0,2
စိန်ပွင့်,0,2
စိန်ဖေ,0,2
စိန်ဘန်,0,2
စိန်မင်း,0,2
စိန်မောင်,0,2
စိန်မောင်ဝင်း,0,3
စိန်မော်,0,2
စိန်မြ,0,2
စိန်မြင့်,0,2
စိန်မြိုင်,0,2
စိန်ရ,0,2
စိန်ရင်,0,2
စိန်ရီ,0,2
စိန်ရွှေ,0,2
စိန်ရှန်း,0,2
စိန်လင်း,0,2
စိန်လေး,0,2
စိန်လွင်,0,2
စိန်လှ,0,2
စိန်လှမောင်,0,3
စိန်လှအောင်,0,3
စိန်လှဦး,0,3
စိန်လှိုင်,0,2
စိန်ဝက်,0,2
စိန်ဝင်း,0,2
စိန်ဝင်းနိုင်,0,3
စိန်ဝင်းမောင်,0,3
စိန်ဝင်းအောင်,0,3
စိန်ဝန်,0,2
စိန်သင်း,0,2
စိန်သန်း,0,2
စိန်သာ,0,2
စိန်သိန်း,0,2
စိန်သောင်း,0,2
စိန်သော်,0,2
စိန်သွင်,0,2
စိန်ဟန်,0,2
စိန်ဟုတ်,0,2
စိန်အောင်,0,2
စိန်အောင်မင်း,0,3
စိန်အေး,0,2
စိန်ဦး,0,2
စိုင်းကြောက်,0,2
စိုင်းကြော်ထင်,0,3
စိုင်းကြော်မြင့်,0,3
စိုင်းကြော်လှ,0,3
စိုင်းကြော်ဝင်း,0,3
စိုင်းကြော်အေး,0,3
စိုင်းခင်အောင်,0,3
စိုင်းစစ်ပိုင်ဦး,0,4
စိုင်းစိုင်း,0,2
စိုင်းစိုးမြင့်,0,3
စိုင်းဆန်း,0,2
စိုင်းဆန်းထွန်း,0,3
စိုင်းဆန်းအေး,0,3
စိုင်းဆံ,0,2
စိုင်းညွန့်,0,2
စိုင်းတင်မြင့်,0,3
စိုင်းတစ်,0,2
စိုင်းတစ်အောင်,0,3
စိုင်းထွန်း,0,2
စိုင်းထွန်းစိန်,0,3
စိုင်းထွန်းတင်,0,3
စိုင်းထွန်းမောင်,0,3
စိုင်းထွန်းရင်,0,3
စိုင်းထွန်းရီ,0,3
စိုင်းထွန်းရွှေ,0,3
စိုင်းထွန်းလှ,0,3
စိုင်းထွန်းအောင်,0,3
စိုင်းထွန်းအေး,0,3
စိုင်းနန္တာ,0,3
စိုင်းနွန်း,0,2
စိုင်းနွယ်,0,2
စိုင်းမောင်,0,2
စိုင်းမောင်စိန်,0,3
စိုင်းမောင်မြင့်,0,3
စိုင်းမောင်လှ,0,3
စိုင်းမောင်လှိုင်,0,3
စိုင်းမြင့်သိန်း,0,3
စိုင်းမွန်,0,2
စိုင်းရီ,0,2
စိုင်းရီသစ်,0,3
စိုင်းရဲ,0,2
စိုင်းရွှေ,0,2
စိုင်းရှန်း,0,2
စိုင်းလာ,0,2
စိုင်းလုံး,0,2
စိုင်းလွန်,0,2
စိုင်းလှမြင့်,0,3
စိုင်းလှရွှေ,0,3
စိုင်းဝင်းမြင့်,0,3
စိုင်းဝင်းအောင်,0,3
စိုင်းသစ်,0,2
စိုင်းသန်းဝင်း,0,3
စိုင်းသိန်းအောင်,0,3
စိုင်းအိုက်,0,2
စိုင်းအိုက်ထွန်း,0,3
စိုင်းအောင်,0,2
စိုင်းအောင်ညွန့်,0,3
စိုင်းအောင်ထွန်း,0,3
စိုင်းအောင်မြင့်,0,3
စိုင်းအောင်လှ,0,3
စိုင်းအောင်ဝင်း,0,3
စိုင်းအောင်သိန်း,0,3
စိုင်းအေး,0,2
စိုင်းအေးမောင်,0,3
စိုး,0,1
စိုးကိုကို,0,3
စိုးကြော်,0,2
စိုးကြော်သူ,0,3
စိုးကြီ,0,2
စိုးကြိုင်,0,2
စိုးကြီး,0,2
စိုးခိုင်,0,2
စိုးခြစ်,0,2
စိုးငြိန်း,0,2
စိုးစိုး,0,2
စိုးစိုးနိုင်,0,3
စိုးဆန်း,0,2
စိုးညွန့်,0,2
စိုးညွန့်အောင်,0,3
စိုးဌေး,0,2
စိုးတင်,0,2
စိုးတင့်,0,2
စိုးတင့်အောင်,0,3
စိုးထိုက်,0,2
စိုးထွန်း,0,2
စိုးထွေး,0,2
စိုးနိုင်,0,2
စိုးနိုင်ထွန်း,0,3
စိုးနိုင်ဝင်း,0,3
စိုးနိုင်ဦး,0,3
စိုးနှောင်,0,2
စိုးပိုင်,0,2
စိုးမင်း,0,2
စိုးမင်းထွန်း,0,3
စိုးမင်းသန့်,0,3
စိုးမင်းဟန်,0,3
စိုးမင်းအောင်,0,3
စိုးမင်းဦး,0,3
စိုးမိုး,0,2
စိုးမိုးကြော်,0,3
စိုးမိုးနိုင်,0,3
စိုးမိုးအောင်,0,3
စိုးမိုးဦး,0,3
စိုးမောင်,0,2
စိုးမော်,0,2
စိုးမြ,0,2
စိုးမြင့်,0,2
စိုးမြင့်ကြော်,0,3
စိုးမြင့်ထွန်း,0,3
စိုးမြင့်နိုင်,0,3
စိုးမြင့်မောင်,0,3
စိုးမြင့်လေး,0,3
စိုးမြင့်သိန်း,0,3
စိုးမြင့်အောင်,0,3
စိုးမြင့်ဦး,0,3
စိုးမြိုင်,0,2
စိုးရင်,0,2
စိုးရီ,0,2
စိုးရွှေ,0,2
စိုးရှိန်း,0,2
စိုးလင်း,0,2
စိုးလင်းအောင်,0,3
စိုးလွင်,0,2
စိုးလွင်ဦး,0,3
စိုးလှ,0,2
စိုးလှိုင်,0,2
စိုးဝင်း,0,2
စိုးဝင်းထွန်း,0,3
စိုးဝင်းနိုင်,0,3
စိုးဝင်းမောင်,0,3
စိုးဝင်းမြင့်,0,3
စိုးဝင်းအောင်,0,3
စိုးဝေ,0,2
စိုးသင်း,0,2
စိုးသန်း,0,2
စိုးသိန်း,0,2
စိုးသိန်းထွန်း,0,3
စိုးသီဟ,0,3
စိုးသူ,0,2
စိုးသွင်,0,2
စိုးဟန်,0,2
စိုးအောင်,0,2
စိုးအေး,0,2
စိုးဦး,0,2
စော,0,1
စောကြော်အောင်,0,3
စောကြော်အေး,0,3
စောကြီဖြူ,0,3
စောခင်,0,2
စောခိုင်,0,2
စောညွန့်,0,2
စောဌေး,0,2
စောတင်မောင်,0,3
စောတင်ဝင်း,0,3
စောထွန်း,0,2
စောထွန်းအောင်,0,3
စောထွန်းဦး,0,3
စောနိုင်,0,2
စောနွိုင်းသန်းစိန်,0,4
စောနှောင်,0,2
စောဖေ,0,2
စောမင်း,0,2
စောမိုးမြင့်,0,3
စောမောင်,0,2
စောမြင့်,0,2
စောရန်နိုင်,0,3
စောရွှေ,0,2
စောရှိန်း,0,2
စောလင်း,0,2
စောလွင်,0,2
စောလွင်ဦး,0,3
စောလှ,0,2
စောလှထွန်း,0,3
စောလှဖေ,0,3
စောလှဖြူ,0,3
စောလှမောင်,0,3
စောလှဦး,0,3
စောလှိုင်,0,2
စောဝင်း,0,2
စောဝင်းအောင်,0,3
စောဝေ,0,2
စောသိန်း,0,2
စောသောင်း,0,2
စောဟန်,0,2
စောအောင်,0,2
စောအေး,0,2
စောဦး,0,2
ဆန်း,0,1
ဆန်းကို,0,2
ဆန်းကြော်,0,2
ဆန်းကြွယ်,0,2
ဆန်းခင်,0,2
ဆန်းခြိန်း,0,2
ဆန်းငြိန်း,0,2
ဆန်းငွေ,0,2
ဆန်းစိန်,0,2
ဆန်းညွန့်,0,2
ဆန်းဌေး,0,2
ဆန်းတင်,0,2
ဆန်းတင့်,0,2
ဆန်းတိုး,0,2
ဆန်းထူး,0,2
ဆန်းထွန်း,0,2
ဆန်းထွန်းလှ,0,3
ဆန်းထွန်းအောင်,0,3
ဆန်းထွန်းဦး,0,3
ဆန်းထွေး,0,2
ဆန်းနိုင်,0,2
ဆန်းနီ,0,2
ဆန်းပော်,0,2
ဆန်းဖေ,0,2
ဆန်းမင်း,0,2
ဆန်းမင်းအောင်,0,3
ဆန်းမောင်,0,2
ဆန်းမောင်မြင့်,0,3
ဆန်းမြ,0,2
ဆန်းမြင့်,0,2
ဆန်းမြင့်အောင်,0,3
ဆန်းမြင့်ဦး,0,3
ဆန်းမြိုင်,0,2
ဆန်းယု,0,2
ဆန်းရ,0,2
ဆန်းရင်,0,2
ဆန်းရီ,0,2
ဆန်းရွှေ,0,2
ဆန်းရွှေမောင်,0,3
ဆန်းရှိန်း,0,2
ဆန်းလင်း,0,2
ဆန်းလူ,0,2
ဆန်းလွင်,0,2
ဆန်းလွင်ဦး,0,3
ဆန်းလှ,0,2
ဆန်းလှဘော်,0,3
ဆန်းလှအောင်,0,3
ဆန်းလှိုင်,0,2
ဆန်းဝင်း,0,2
ဆန်းဝင်းထွန်း,0,3
ဆန်းဝင်းမောင်,0,3
ဆန်းဝင်းအောင်,0,3
ဆန်းဝန်,0,2
ဆန်းဝေ,0,2
ဆန်းသာ,0,2
ဆန်းသာကြော်,0,3
ဆန်းသိန်း,0,2
ဆန်းသူ,0,2
ဆန်းသောင်း,0,2
ဆန်းသွင်,0,2
ဆန်းဟိန်း,0,2
ဆန်းအုံး,0,2
ဆန်းအောင်,0,2
ဆန်းအေး,0,2
ဆန်းဦး,0,2
ဆွေ,0,1
ဆွေတင့်,0,2
ဆွေမြင့်,0,2
ဆွေလင်း,0,2
ဆွေဝင်း,0,2
ဆွေသင်း,0,2
ဆွေသန်း,0,2
ဆွေဦး,0,2
ဇင်မင်းထွန်း,0,3
ဇင်ရဲ,0,2
ဇင်ရဲထက်,0,3
ဇင်သောင်း,0,2
ဇင်အောင်,0,2
ဇင်ဦး,0,2
ဇာနီ,0,2
ဇာနီထွန်း,0,3
ဇာနီမောင်,0,3
ဇာနီအောင်,0,3
ဇေယြာ,0,2
ဇေယြာကြော်,0,3
ဇေယြာထွန်း,0,3
ဇေယြာမောင်,0,3
ဇေယြာလင်း,0,3
ဇေယြာလွင်,0,3
ဇေယြာဝင်း,0,3
ဇေယြာသော်,0,3
ဇေယြာအောင်,0,3
ဇေယြာဦး,0,3
ဇော်,0,1
ဇော်ကိုကို,0,3
ဇော်ခင်,0,2
ဇော်ခိုင်,0,2
ဇော်ဇော်,0,2
ဇော်ဇော်ထွန်း,0,3
ဇော်ဇော်နိုင်,0,3
ဇော်ဇော်မိုး,0,3
ဇော်ဇော်လင်း,0,3
ဇော်ဇော်လွင်,0,3
ဇော်ဇော်ဝင်း,0,3
ဇော်ဇော်အောင်,0,3
ဇော်ဇော်ဦး,0,3
ဇော်ညွန့်,0,2
ဇော်ဌေး,0,2
ဇော်တင်,0,2
ဇော်တင့်,0,2
ဇော်ထက်,0,2
ဇော်ထိုက်,0,2
ဇော်ထူး,0,2
ဇော်ထူးအောင်,0,3
ဇော်ထွန်း,0,2
ဇော်ထွန်းနိုင်,0,3
ဇော်ထွန်းအောင်,0,3
ဇော်ထွန်းဦး,0,3
ဇော်နိုင်,0,2
ဇော်နိုင်ထွန်း,0,3
ဇော်နိုင်ဝင်း,0,3
ဇော်နိုင်ဦး,0,3
ဇော်ဖေ,0,2
ဇော်မင်း,0,2
ဇော်မင်းထွန်း,0,3
ဇော်မင်းနိုင်,0,3
ဇော်မင်းလက်,0,3
ဇော်မင်းလွင်,0,3
ဇော်မင်းသိန်း,0,3
ဇော်မင်းအောင်,0,3
ဇော်မင်းအေး,0,3
ဇော်မင်းဦး,0,3
ဇော်မိုး,0,2
ဇော်မိုးခိုင်,0,3
ဇော်မိုးထက်,0,3
ဇော်မိုးနိုင်,0,3
ဇော်မိုးလွင်,0,3
ဇော်မိုးအောင်,0,3
ဇော်မိုးဦး,0,3
ဇော်မောင်,0,2
ဇော်မြိုး,0,2
ဇော်မြိုးထိုက်,0,3
ဇော်မြိုးထွန်း,0,3
ဇော်မြိုးနိုင်,0,3
ဇော်မြိုးလွင်,0,3
ဇော်မြိုးအောင်,0,3
ဇော်မြိုးဦး,0,3
ဇော်မြင့်,0,2
ဇော်မြင့်ထွန်း,0,3
ဇော်မြင့်ဖေ,0,3
ဇော်မြင့်အောင်,0,3
ဇော်မြင့်ဦး,0,3
ဇော်ယော်,0,2
ဇော်ရန်ပိုင်,0,3
ဇော်ရှန်း,0,2
ဇော်လ,0,2
ဇော်လက်,0,2
ဇော်လင်း,0,2
ဇော်လင်းထက်,0,3
ဇော်လင်းထွန်း,0,3
ဇော်လင်းမောင်,0,3
ဇော်လင်းအောင်,0,3
ဇော်လင်းဦး,0,3
ဇော်လေး,0,2
ဇော်လွင်,0,2
ဇော်လွင်ထွန်း,0,3
ဇော်လွင်ဦး,0,3
ဇော်လှိုင်,0,2
ဇော်ဝင်း,0,2
ဇော်ဝင်းထွန်း,0,3
ဇော်ဝင်းနိုင်,0,3
ဇော်ဝင်းမောင်,0,3
ဇော်ဝင်းမော်,0,3
ဇော်ဝင်းမြင့်,0,3
ဇော်ဝင်းလှိုင်,0,3
ဇော်ဝင်းသန်း,0,3
ဇော်ဝင်းသိန်း,0,3
ဇော်ဝင်းအောင်,0,3
ဇော်ဝန်,0,2
ဇော်ဝန်း,0,2
ဇော်ဝိတ်,0,2
ဇော်ဝေစိုး,0,3
ဇော်သင်း,0,2
ဇော်သန်း,0,2
ဇော်သန်းဦး,0,3
ဇော်သိန်း,0,2
ဇော်သီက,0,3
ဇော်ဟိန်း,0,2
ဇော်အောင်,0,2
ဇော်ဦး,0,2
ဇော်ဦးဟန်,0,3
ညန်,0,1
ညန်စိန်,0,2
ညန်စိုး,0,2
ညန်ဌေး,0,2
ညန်တင်,0,2
ညန်ထွန်း,0,2
ညန်ထွန်းအောင်,0,3
ညန်မင်း,0,2
ညန်မြင့်,0,2
ညန်ရင်,0,2
ညန်ရီ,0,2
ညန်ရွှေ,0,2
ညန်ရှိန်း,0,2
ညန်လင်း,0,2
ညန်လွင်,0,2
ညန်လှိုင်,0,2
ညန်ဝင်း,0,2
ညန်ဝေ,0,2
ညန်သိန်း,0,2
ညန်အောင်,0,2
ညို,0,1
ညိုကြီး,0,2
ညိုတင်,0,2
ညိုထွန်း,0,2
ညိုမင်း,0,2
ညိုမောင်,0,2
ညိုမြ,0,2
ညိုမြင့်,0,2
ညိုလုံး,0,2
ညိုလေး,0,2
ညိုဝင်း,0,2
ညိုအောင်,0,2
ညိုအေး,0,2
ညိုဦး,0,2
ညီ,0,1
ညီခင်,0,2
ညီစိန်,0,2
ညီစိုး,0,2
ညီညီ,0,2
ညီညီကြော်,0,3
ညီညီစိုး,0,3
ညီညီဆွေ,0,3
ညီညီဇော်,0,3
ညီညီတင်,0,3
ညီညီထွန်း,0,3
ညီညီထွေး,0,3
ညီညီနိုင်,0,3
ညီညီမောင်,0,3
ညီညီမြင့်,0,3
ညီညီလက်,0,3
ညီညီလင်း,0,3
ညီညီလွင်,0,3
ညီညီဝင်း,0,3
ညီညီအောင်,0,3
ညီတင်,0,2
ညီပူ,0,2
ညီမောင်,0,2
ညီလေး,0,2
ညီလှ,0,2
ညီဝင်း,0,2
ညီဝေဖြိုး,0,3
ညီအောင်,0,2
ညွန့်အောင်,0,2
ညွန့်,0,1
ညွန့်ကြီ,0,2
ညွန့်ခင်,0,2
ညွန့်စိန်,0,2
ညွန့်ဆန်း,0,2
ညွန့်ဆောင်,0,2
ညွန့်ဆွေ,0,2
ညွန့်ဌေး,0,2
ညွန့်တင်,0,2
ညွန့်နိုင်,0,2
ညွန့်ဖေ,0,2
ညွန့်မင်း,0,2
ညွန့်မောင်,0,2
ညွန့်မြိုင်,0,2
ညွန့်ရင်,0,2
ညွန့်ရီ,0,2
ညွန့်ရွှေ,0,2
ညွန့်ရှင်း,0,2
ညွန့်ရှိန်း,0,2
ညွန့်လွင်,0,2
ညွန့်လှ,0,2
ညွန့်လှိုင်,0,2
ညွန့်ဝင်း,0,2
ညွန့်ဝေ,0,2
ညွန့်သန်း,0,2
ညွန့်သိန်း,0,2
ညွန့်သောင်း,0,2
ညွန့်ဟန်,0,2
ညွန့်အောင်,0,2
ညွန့်အေး,0,2
ညွန့်ဦး,0,2
ညွှန်ရွှေ,0,2
ဌေး,0,1
ဌေးကို,0,2
ဌေးကြော်,0,2
ဌေးကြိုင်,0,2
ဌေးကြွယ်,0,2
ဌေးခိုင်,0,2
ဌေးညွန့်,0,2
ဌေးတင်,0,2
ဌေးတင့်,0,2
ဌေးနိုင်,0,2
ဌေးမင်း,0,2
ဌေးမောင်,0,2
ဌေးမြင့်,0,2
ဌေးရင်,0,2
ဌေးရွှေ,0,2
ဌေးလွင်,0,2
ဌေးလွင်ဦး,0,3
ဌေးလှိုင်,0,2
ဌေးဝင်း,0,2
ဌေးသန်း,0,2
ဌေးသိန်း,0,2
ဌေးအောင်,0,2
ဌေးအောင်ကြော်,0,3
ဌေးဦး,0,2
တင်,0,1
တင်ကို,0,2
တင်ကိုကို,0,3
တင်ကိုဦး,0,3
တင်ကြီ,0,2
တင်ကြိုင်,0,2
တင်ကြီး,0,2
တင်ကြူ,0,2
တင်ကြွယ်,0,2
တင်ခ,0,2
တင်ခိုင်,0,2
တင်ခြို,0,2
တင်ငြိန်း,0,2
တင်ငွေ,0,2
တင်စိန်,0,2
တင်စိုး,0,2
တင်စိုးဝင်း,0,3
တင်စော,0,2
တင်စွန်း,0,2
တင်ဆင့်,0,2
တင်ဆန်း,0,2
တင်ဆောင်,0,2
တင်ဆွေ,0,2
တင်ဇော်,0,2
တင်ဇော်မင်း,0,3
တင်ညို,0,2
တင်ညွန့်,0,2
တင်ဌေး,0,2
တင်တိုး,0,2
တင်ထက်,0,2
တင်ထက်အောင်,0,3
တင်ထက်ဦး,0,3
တင်ထူး,0,2
တင်ထွတ်,0,2
တင်ထွန်း,0,2
တင်ထွန်းနိုင်,0,3
တင်ထွန်းဝင်း,0,3
တင်ထွန်းအောင်,0,3
တင်ထွန်းဦး,0,3
တင်ထွေး,0,2
တင်နိုင်,0,2
တင်နု,0,2
တင်နွယ်,0,2
တင်ပော်,0,2
တင်ဖေ,0,2
တင်ဖေဝင်း,0,3
တင်ဖြေ,0,2
တင်မင်း,0,2
တင်မိုး,0,2
တင်မိုးလွင်,0,3
တင်မိုးအောင်,0,3
တင်မောင်,0,2
တင်မောင်ကြော်,0,3
တင်မောင်ကြီ,0,3
တင်မောင်ကြီး,0,3
တင်မောင်ခင်,0,3
တင်မောင်ခြို,0,3
တင်မောင်စိုး,0,3
တင်မောင်ဆန်း,0,3
တင်မောင်ဆွေ,0,3
တင်မောင်ဇော်,0,3
တင်မောင်ညွန့်,0,3
တင်မောင်ဌေး,0,3
တင်မောင်ထက်,0,3
တင်မောင်ထူး,0,3
တင်မောင်ထွန်း,0,3
တင်မောင်ထွေး,0,3
တင်မောင်နိုင်,0,3
တင်မောင်မောင်,0,3
တင်မောင်မြင့်,0,3
တင်မောင်ရီ,0,3
တင်မောင်ရွှေ,0,3
တင်မောင်လက်,0,3
တင်မောင်လင်း,0,3
တင်မောင်လေး,0,3
တင်မောင်လွင်,0,3
တင်မောင်လှ,0,3
တင်မောင်လှိုင်,0,3
တင်မောင်ဝင်း,0,3
တင်မောင်သန်း,0,3
တင်မောင်သိန်း,0,3
တင်မောင်အုံး,0,3
တင်မောင်အေး,0,3
တင်မောင်ဦး,0,3
တင်မော်,0,2
တင်မြိုး,0,2
တင်မြိုးလွင်,0,3
တင်မြိုးအောင်,0,3
တင်မြ,0,2
တင်မြင့်,0,2
တင်မြင့်အောင်,0,3
တင်မြင့်ဦး,0,3
တင်မြိုင်,0,2
တင်ယု,0,2
တင်ရ,0,2
တင်ရီ,0,2
တင်ရွှေ,0,2
တင်ရှိန်း,0,2
တင်လက်,0,2
တင်လင်း,0,2
တင်လေး,0,2
တင်လွင်,0,2
တင်လှ,0,2
တင်လှသန်း,0,3
တင်လှိုင်,0,2
တင်လှိုင်ဦး,0,3
တင်ဝင်း,0,2
တင်ဝင်းကြော်,0,3
တင်ဝင်းနိုင်,0,3
တင်ဝင်းမောင်,0,3
တင်ဝင်းမြင့်,0,3
တင်ဝင်းလှိုင်,0,3
တင်ဝင်းအောင်,0,3
တင်ဝင်းဦး,0,3
တင်ဝန်,0,2
တင်ဝန်း,0,2
တင်ဝေ,0,2
တင်သန်း,0,2
တင်သိန်း,0,2
တင်သောင်း,0,2
တင်ဟန်,0,2
တင်အုံး,0,2
တင်အောင်,0,2
တင်အောင်ကို,0,3
တင်အောင်ကြော်,0,3
တင်အောင်စိုး,0,3
တင်အောင်ဆန်း,0,3
တင်အောင်ဇော်,0,3
တင်အောင်ညွန့်,0,3
တင်အောင်ထွန်း,0,3
တင်အောင်မိုး,0,3
တင်အောင်မြင့်,0,3
တင်အောင်လေး,0,3
တင်အောင်လွင်,0,3
တင်အောင်ဝင်း,0,3
တင်အေး,0,2
တင်ဦး,0,2
တင့်,0,1
တင့်ကြော်,0,2
တင့်ခိုင်,0,2
တင့်စိုး,0,2
တင့်ဆန်း,0,2
တင့်ဆွေ,0,2
တင့်ဇော်,0,2
တင့်နိုင်,0,2
တင့်ရွှေ,0,2
တင့်ရှိန်း,0,2
တင့်လွင်,0,2
တင့်လွင်ရွှေ,0,3
တင့်လွင်ဦး,0,3
တင့်လှိုင်,0,2
တင့်ဝေ,0,2
တင့်အောင်,0,2
တာယာပွကြီး,0,4
တိုက်ကြီ,0,2
တိုက်စိုး,0,2
တိုက်မောင်,0,2
တိုး,0,1
တိုးစိန်,0,2
တိုးနိုင်,0,2
တိုးမောင်,0,2
တိုးမြင့်,0,2
တိုးလွင်,0,2
တိုးဝင်း,0,2
တိုးအောင်,0,2
တေဇ,0,2
တွက်ပီ,0,2
ထက်ဇော်ရှိန်း,0,3
ထက်နိုင်ကို,0,3
ထက်မြက်နိုင်,0,3
ထက်မြတ်ရှိန်း,0,3
ထက်မြတ်လင်း,0,3
ထက်ရာဇာ,0,3
ထက်ရာဇာသိန်း,0,4
ထက်လွင်ကြော်,0,3
ထက်သူရိန်,0,3
ထက်ဟိန်းဖြိုး,0,3
ထက်အောင်,0,2
ထက်ဦး,0,2
ထင်ကြော်,0,2
ထင်ကြော်ဦး,0,3
ထင်ဇော်,0,2
ထင်ပော်,0,2
ထင်ရှားအောင်,0,3
ထင်လင်း,0,2
ထင်လင်းအောင်,0,3
ထင်အောင်,0,2
ထင်အောင်ကြော်,0,3
ထိုက်,0,1
ထိုက်ဆန်း,0,2
ထူး,0,1
ထူးကိုကိုအောင်,0,4
ထူးကြော်လင်း,0,3
ထူးပြည့်စုံ,0,3
ထူးမြင့်,0,2
ထူးမြတ်,0,2
ထူးအယ်လင်း,0,3
ထူးအောင်,0,2
ထူးအောင်လွင်,0,3
ထွဋ်အောင်ခန့်,0,3
ထွဋ်အောင်ဝင်း,0,3
ထွန်း,0,1
ထွန်းကြော်,0,2
ထွန်းကြီ,0,2
ထွန်းကြိုင်,0,2
ထွန်းကြွယ်,0,2
ထွန်းခင်,0,2
ထွန်းခိုင်,0,2
ထွန်းခြစ်,0,2
ထွန်းခြို,0,2
ထွန်းငြိန်း,0,2
ထွန်းငွေ,0,2
ထွန်းစီ,0,2
ထွန်းစိန်,0,2
ထွန်းစိုင်း,0,2
ထွန်းစိုး,0,2
ထွန်းဆွေ,0,2
ထွန်းဇန်,0,2
ထွန်းဇော်,0,2
ထွန်းညို,0,2
ထွန်းညွန့်,0,2
ထွန်းတင်,0,2
ထွန်းတင့်,0,2
ထွန်းထွန်း,0,2
ထွန်းထွန်းကြော်,0,3
ထွန်းထွန်းခိုင်,0,3
ထွန်းထွန်းစိုး,0,3
ထွန်းထွန်းဇော်,0,3
ထွန်းထွန်းနိုင်,0,3
ထွန်းထွန်းမြင့်,0,3
ထွန်းထွန်းလင်း,0,3
ထွန်းထွန်းလွင်,0,3
ထွန်းထွန်းဝင်း,0,3
ထွန်းထွန်းအောင်,0,3
ထွန်းထွန်းအေး,0,3
ထွန်းထွန်းဦး,0,3
ထွန်းနိုင်,0,2
ထွန်းနိုင်ဝင်း,0,3
ထွန်းနိုင်အေး,0,3
ထွန်းနိုင်ဦး,0,3
ထွန်းနှောင်,0,2
ထွန်းပို,0,2
ထွန်းပော်,0,2
ထွန်းဖေ,0,2
ထွန်းမင်း,0,2
ထွန်းမောင်,0,2
ထွန်းမော်,0,2
ထွန်းမြ,0,2
ထွန်းမြင့်,0,2
ထွန်းမြင့်နိုင်,0,3
ထွန်းမြင့်အောင်,0,3
ထွန်းမြင့်ဦး,0,3
ထွန်းမြတ်,0,2
ထွန်းမြိုင်,0,2
ထွန်းရ,0,2
ထွန်းရင်,0,2
ထွန်းရင်ဦး,0,3
ထွန်းရီ,0,2
ထွန်းရဲ,0,2
ထွန်းရွှေ,0,2
ထွန်းရှင်း,0,2
ထွန်းရှိန်း,0,2
ထွန်းလင်း,0,2
ထွန်းလင်းအောင်,0,3
ထွန်းလွင်,0,2
ထွန်းလွင်ဦး,0,3
ထွန်းလှ,0,2
ထွန်းလှကြိုင်,0,3
ထွန်းလှအောင်,0,3
ထွန်းလှဦး,0,3
ထွန်းလှိုင်,0,2
ထွန်းဝ,0,2
ထွန်းဝင်း,0,2
ထွန်းဝေ,0,2
ထွန်းသန်း,0,2
ထွန်းသာ,0,2
ထွန်းသိန်း,0,2
ထွန်းသောင်း,0,2
ထွန်းဟန်,0,2
ထွန်းအုံး,0,2
ထွန်းအောင်,0,2
ထွန်းအောင်ကြော်,0,3
ထွန်းအောင်ကြီ,0,3
ထွန်းအောင်မြင့်,0,3
ထွန်းအောင်လွင်,0,3
ထွန်းအောင်သာ,0,3
ထွန်းအေး,0,2
ထွန်းအေးကြော်,0,3
ထွန်းအေးမောင်,0,3
ထွန်းဦး,0,2
ထွေး,0,1
ထွေးကြီ,0,2
ထွေးနိုင်,0,2
ထွေးမောင်,0,2
ထွေးမြင့်,0,2
ထွေးလွင်,0,2
ထွေးဝင်း,0,2
ထွေးအောင်,0,2
နန်းလှိုင်,0,2
နန်းဝင်း,0,2
နန်းအောင်,0,2
နိုင်,0,1
နိုင်စိုး,0,2
နိုင်ထွန်း,0,2
နိုင်နိုင်,0,2
နိုင်နိုင်ဦး,0,3
နိုင်မင်း,0,2
နိုင်မိုး,0,2
နိုင်မြင့်,0,2
နိုင်လင်း,0,2
နိုင်လင်းအောင်,0,3
နိုင်ဝင်း,0,2
နိုင်ဝင်းထွန်း,0,3
နိုင်ဝင်းအောင်,0,3
နိုင်အောင်,0,2
နိုင်အေး,0,2
နိုင်ဦး,0,2
နီ,0,1
နီနီ,0,2
နီဝင်း,0,2
နေစိုး,0,2
နေထွန်း,0,2
နေထွန်းအောင်,0,3
နေထွန်းဦး,0,3
နေမင်းထွန်း,0,3
နေမြိုး,0,2
နေမြိုးဇော်,0,3
နေမြိုးထွန်း,0,3
နေမြိုးနိုင်,0,3
နေမြိုးမြင့်,0,3
နေမြိုးလှိုင်,0,3
နေမြိုးဝင်း,0,3
နေမြိုးအောင်,0,3
နေမြိုးဦး,0,3
နေလင်း,0,2
နေလင်းထွန်း,0,3
နေလင်းအောင်,0,3
နေလင်းဦး,0,3
နေဝင်း,0,2
နေဝင်းထွန်း,0,3
နေဝင်းအောင်,0,3
နေအောင်,0,2
နေအောင်မြင့်,0,3
နေအေး,0,2
နေဦး,0,2
နှင်းမောင်,0,2
ပာ,0,1
ပာကြီး,0,2
ပာလေး,0,2
ပို,0,1
ပိုင်,0,1
ပိုင်စိုး,0,2
ပိုင်စိုးကြော်,0,3
ပိုင်မင်းစိုး,0,3
ပိုနီ,0,2
ပော်,0,1
ပော်စိန်,0,2
ပော်ဆန်း,0,2
ပော်တင်,0,2
ပော်ထွန်း,0,2
ပော်လာ,0,2
ပော်လူ,0,2
ပော်သိန်း,0,2
ပော်ဦး,0,2
ပြည့်စုံအောင်,0,3
ပြည့်စုံဦး,0,3
ပြီ့ဖြိုး,0,2
ပြီ့ဖြိုးအောင်,0,3
ပွင့်,0,1
ပွင့်အောင်,0,2
ဖိုးကြော်,0,2
ဖိုးခြို,0,2
ဖိုးစိန်,0,2
ဖိုးဆန်း,0,2
ဖိုးတုတ်,0,2
ဖိုးထူး,0,2
ဖိုးထောင်,0,2
ဖိုးနီ,0,2
ဖိုးလှ,0,2
ဖိုးသာ,0,2
ဖိုးသောင်း,0,2
ဖိုးအောင်,0,2
ဖိုးအေး,0,2
ဖုန်း,0,1
ဖုန်းကြော်,0,2
ဖုန်းစစ်,0,2
ဖုန်းဆွေ,0,2
ဖုန်းဇော်,0,2
ဖုန်းနိုင်,0,2
ဖုန်းမို,0,2
ဖုန်းမောင်,0,2
ဖုန်းမော်,0,2
ဖုန်းမြင့်,0,2
ဖုန်းဝေ,0,2
ဖုန်းအောင်,0,2
ဖေကြီ,0,2
ဖေခင်,0,2
ဖေစိန်,0,2
ဖေဆန်း,0,2
ဖေညွန့်,0,2
ဖေတင်,0,2
ဖေမြင့်,0,2
ဖေဝင်း,0,2
ဖေသန်း,0,2
ဖေသန်းဦး,0,3
ဖေသိန်း,0,2
ဖေသောင်း,0,2
ဖေအောင်,0,2
ဖေအေး,0,2
ဖြိုးကြီ,0,2
ဖြိုးနိုင်,0,2
ဖြိုးဝင်း,0,2
ဖြိုးဝေ,0,2
ဖြိုးသူထက်,0,3
ဖြိုးအောင်,0,2
ဖြူ,0,1
ဖြူဝင်း,0,2
ဗညားနွဲ့,0,3
ဘကို,0,2
ဘကြော်,0,2
ဘကြီ,0,2
ဘကြန်း,0,2
ဘကြိုင်,0,2
ဘခက်,0,2
ဘခင်,0,2
ဘခိုင်,0,2
ဘခြစ်,0,2
ဘခြို,0,2
ဘငြိန်း,0,2
ဘငွေ,0,2
ဘစီ,0,2
ဘစိန်,0,2
ဘစိုး,0,2
ဘစော,0,2
ဘဆင့်,0,2
ဘဆန်း,0,2
ဘဆွေ,0,2
ဘဇန်,0,2
ဘညွန့်,0,2
ဘဌေး,0,2
ဘတင်,0,2
ဘတင့်,0,2
ဘတုတ်,0,2
ဘထူး,0,2
ဘထွန်း,0,2
ဘထွေး,0,2
ဘနီ,0,2
ဘပူ,0,2
ဘမောင်,0,2
ဘမော်,0,2
ဘမြင့်,0,2
ဘမြိုင်,0,2
ဘရင်,0,2
ဘရင်လေး,0,3
ဘရီ,0,2
ဘရွှေ,0,2
ဘရှင်း,0,2
ဘရှိန်း,0,2
ဘလ,0,2
ဘလွင်,0,2
ဘလှ,0,2
ဘလှိုင်,0,2
ဘဝင်း,0,2
ဘဝန်,0,2
ဘသင်း,0,2
ဘသစ်,0,2
ဘသန်း,0,2
ဘသာ,0,2
ဘသိန်း,0,2
ဘသောင်း,0,2
ဘသော်,0,2
ဘသွင်,0,2
ဘဟန်,0,2
ဘဟိန်း,0,2
ဘအုံး,0,2
ဘအောင်,0,2
ဘအေး,0,2
ဘဦး,0,2
ဘို,0,1
ဘိုကေ,0,2
ဘိုကြော်,0,2
ဘိုကြီ,0,2
ဘိုကြီး,0,2
ဘိုခင်,0,2
ဘိုခြို,0,2
ဘိုစိန်,0,2
ဘိုစိုး,0,2
ဘိုဆန်း,0,2
ဘိုညွန့်,0,2
ဘိုဌေး,0,2
ဘိုတင်,0,2
ဘိုထွန်း,0,2
ဘိုနီ,0,2
ဘိုဘို,0,2
ဘိုဘိုဝင်း,0,3
ဘိုမောင်,0,2
ဘိုမြင့်,0,2
ဘိုရီ,0,2
ဘိုရွှေ,0,2
ဘိုလေး,0,2
ဘိုဝ,0,2
ဘိုဝင်း,0,2
ဘိုသင်း,0,2
ဘိုသန်း,0,2
ဘိုသိန်း,0,2
ဘိုသောင်း,0,2
ဘိုအောင်,0,2
ဘိုအေး,0,2
ဘုန်းခန့်သိန်း,0,3
ဘုန်းခိုင်ကြော်,0,3
ဘုန်းပြည့်ကြော်,0,3
ဘုန်းမြတ်,0,2
ဘုန်းမြတ်ခိုင်,0,3
မင်း,0,1
မင်းကို,0,2
မင်းကိုကို,0,3
မင်းကိုဦး,0,3
မင်းကြီ,0,2
မင်းခင်,0,2
မင်းခန့်,0,2
မင်းခန့်ကိုကို,0,4
မင်းခန့်ဇော်,0,3
မင်းခန့်ညီညီ,0,4
မင်းခိုင်,0,2
မင်းစိန်,0,2
မင်းစိုး,0,2
မင်းဆန်း,0,2
မင်းဆွေ,0,2
မင်းဆွေဦး,0,3
မင်းဇော်,0,2
မင်းဇော်ဦး,0,3
မင်းညို,0,2
မင်းညွန့်,0,2
မင်းတင်,0,2
မင်းထက်,0,2
မင်းထက်အောင်,0,3
မင်းထူး,0,2
မင်းထွန်း,0,2
မင်းဒင်,0,2
မင်းနိုင်,0,2
မင်းနိုင်ဦး,0,3
မင်းနေကြော်ဝင်း,0,4
မင်းနွယ်,0,2
မင်းနှောင်,0,2
မင်းမင်း,0,2
မင်းမင်းစိုး,0,3
မင်းမင်းဇော်,0,3
မင်းမင်းထွန်း,0,3
မင်းမင်းလက်,0,3
မင်းမင်းသိန်း,0,3
မင်းမင်းဦး,0,3
မင်းမောင်,0,2
မင်းမောင်မောင်မြိုး,0,4
မင်းမော်,0,2
မင်းမော်ကွန်း,0,3
မင်းရဲကြော်စွာ,0,4
မင်းလွင်,0,2
မင်းလွင်ဦး,0,3
မင်းလှိုင်,0,2
မင်းဝေ,0,2
မင်းသန့်,0,2
မင်းသန်း,0,2
မင်းသိန်း,0,2
မင်းသုတ,0,3
မင်းသူ,0,2
မင်းသော်,0,2
မင်းသွင်,0,2
မင်းဟန်,0,2
မင်းအောင်,0,2
မင်းဦး,0,2
မာ,0,1
မာတင်,0,2
မာဒင်,0,2
မာနော်,0,2
မိုး,0,1
မိုးကြော်,0,2
မိုးကြော်ထွန်း,0,3
မိုးကြော်လွင်,0,3
မိုးကြော်သူ,0,3
မိုးကြော်အောင်,0,3
မိုးကြော်ဦး,0,3
မိုးဆွေ,0,2
မိုးဇော်,0,2
မိုးဇော်ထွန်း,0,3
မိုးဇော်မြင့်,0,3
မိုးဇော်ဦး,0,3
မိုးညို,0,2
မိုးထက်ပူပြင်း,0,4
မိုးထက်မြင့်,0,3
မိုးနိုင်,0,2
မိုးမြင့်,0,2
မိုးမြင့်အောင်,0,3
မိုးလုံးဟိန်းခြုန်း,0,4
မိုးလွင်,0,2
မိုးလှိုင်,0,2
မိုးဝင်း,0,2
မိုးဝင်းမောင်,0,3
မိုးသူ,0,2
မိုးသောက်,0,2
မိုးဟန်,0,2
မိုးဟိန်း,0,2
မိုးအောင်,0,2
မိုးအောင်ရင်,0,3
မိုးဦး,0,2
မေအောင်,0,2
မောင်,0,1
မောင်ကလေး,0,3
မောင်ကို,0,2
မောင်ကောင်း,0,2
မောင်ကြော်,0,2
မောင်ကြော်သိန်း,0,3
မောင်ကြော်အေး,0,3
မောင်ကြီ,0,2
မောင်ကြန်း,0,2
မောင်ကြိုင်,0,2
မောင်ကြီး,0,2
မောင်ကြေ,0,2
မောင်ခင်,0,2
မောင်ခိုင်,0,2
မောင်ခြစ်,0,2
မောင်ခြန်း,0,2
မောင်ခြို,0,2
မောင်ခွေး,0,2
မောင်ငယ်,0,2
မောင်ငြိန်း,0,2
မောင်ငွေ,0,2
မောင်စိန်,0,2
မောင်စိုး,0,2
မောင်စော,0,2
မောင်ဆင့်,0,2
မောင်ဆန်း,0,2
မောင်ဆွေ,0,2
မောင်ဇော်,0,2
မောင်ညန်,0,2
မောင်ညို,0,2
မောင်ညီ,0,2
မောင်ညွန့်,0,2
မောင်ဌေး,0,2
မောင်တင်,0,2
မောင်တင့်,0,2
မောင်တိုး,0,2
မောင်ထူး,0,2
မောင်ထွန်း,0,2
မောင်ထွန်းကြော်,0,3
မောင်ထွေး,0,2
မောင်နိုင်,0,2
မောင်နီ,0,2
မောင်နု,0,2
မောင်ပူ,0,2
မောင်ပြုံး,0,2
မောင်ပြူ,0,2
မောင်ဖူး,0,2
မောင်ဖြူ,0,2
မောင်ဘို,0,2
မောင်မင်း,0,2
မောင်မောင်,0,2
မောင်မောင်ကို,0,3
မောင်မောင်ကြော်,0,3
မောင်မောင်ကြီ,0,3
မောင်မောင်ကြီး,0,3
မောင်မောင်ခင်,0,3
မောင်မောင်ခိုင်,0,3
မောင်မောင်ခြစ်,0,3
မောင်မောင်ခြို,0,3
မောင်မောင်စိန်,0,3
မောင်မောင်စိုး,0,3
မောင်မောင်ဆန်း,0,3
မောင်မောင်ဆွေ,0,3
မောင်မောင်ဇင်,0,3
မောင်မောင်ဇော်,0,3
မောင်မောင်ညွန့်,0,3
မောင်မောင်ဌေး,0,3
မောင်မောင်တင်,0,3
မောင်မောင်တင့်,0,3
မောင်မောင်တိုး,0,3
မောင်မောင်ထူး,0,3
မောင်မောင်ထွန်း,0,3
မောင်မောင်ထွေး,0,3
မောင်မောင်နိုင်,0,3
မောင်မောင်နီ,0,3
မောင်မောင်မြိုး,0,3
မောင်မောင်မြ,0,3
မောင်မောင်မြင့်,0,3
မောင်မောင်ရင်,0,3
မောင်မောင်ရီ,0,3
မောင်မောင်ရွှေ,0,3
မောင်မောင်လက်,0,3
မောင်မောင်လင်း,0,3
မောင်မောင်လေး,0,3
မောင်မောင်လွင်,0,3
မောင်မောင်လှ,0,3
မောင်မောင်လှိုင်,0,3
မောင်မောင်ဝင်း,0,3
မောင်မောင်သက်,0,3
မောင်မောင်သင်း,0,3
မောင်မောင်သန့်,0,3
မောင်မောင်သန်း,0,3
မောင်မောင်သာ,0,3
မောင်မောင်သိန်း,0,3
မောင်မောင်သောင်း,0,3
မောင်မောင်သွင်,0,3
မောင်မောင်ဟန်,0,3
မောင်မောင်အုံး,0,3
မောင်မောင်အောင်,0,3
မောင်မောင်အေး,0,3
မောင်မောင်ဦး,0,3
မောင်မော်,0,2
မောင်မြိုး,0,2
မောင်မြ,0,2
မောင်မြင့်,0,2
မောင်မြိုင်,0,2
မောင်ရင်,0,2
မောင်ရီ,0,2
မောင်ရွှေ,0,2
မောင်ရှင်း,0,2
မောင်ရှိန်း,0,2
မောင်လက်,0,2
မောင်လင်း,0,2
မောင်လုံး,0,2
မောင်လေး,0,2
မောင်လွင်,0,2
မောင်လှ,0,2
မောင်လှိုင်,0,2
မောင်ဝင်း,0,2
မောင်ဝိတ်,0,2
မောင်ဝေ,0,2
မောင်သင်း,0,2
မောင်သန်း,0,2
မောင်သိန်း,0,2
မောင်သောင်း,0,2
မောင်ဟန်,0,2
မောင်အုံး,0,2
မောင်အောင်,0,2
မောင်အေး,0,2
မောင်ဦး,0,2
မော်,0,1
မော်ကြီး,0,2
မော်မော်,0,2
မော်ဝင်း,0,2
မြိုး,0,1
မြိုးကိုကို,0,3
မြိုးကြော်,0,2
မြိုးကြော်အောင်,0,3
မြိုးကြီ,0,2
မြိုးကြီး,0,2
မြိုးကြွယ်,0,2
မြိုးခင်,0,2
မြိုးခိုင်,0,2
မြိုးခြစ်,0,2
မြိုးစိန်,0,2
မြိုးဆက်,0,2
မြိုးဆန်း,0,2
မြိုးဆွေ,0,2
မြိုးဇော်,0,2
မြိုးဇော်ထွန်း,0,3
မြိုးဇော်အောင်,0,3
မြိုးဇော်ဦး,0,3
မြိုးညွန့်,0,2
မြိုးညွန့်ဆွေ,0,3
မြိုးညွန့်အောင်,0,3
မြိုးတင်,0,2
မြိုးတင့်,0,2
မြိုးထက်,0,2
မြိုးထွန်း,0,2
မြိုးထွေး,0,2
မြိုးနိုင်,0,2
မြိုးနိုင်ဦး,0,3
မြိုးနှောင်,0,2
မြိုးမင်း,0,2
မြိုးမင်းခိုင်,0,3
မြိုးမင်းစိုး,0,3
မြိုးမင်းဇော်,0,3
မြိုးမင်းထက်,0,3
မြိုးမင်းထွန်း,0,3
မြိုးမင်းလက်,0,3
မြိုးမင်းသန့်,0,3
မြိုးမင်းသိန်း,0,3
မြိုးမင်းအောင်,0,3
မြိုးမင်းဦး,0,3
မြိုးမောင်,0,2
မြိုးမော်,0,2
မြိုးမြင့်,0,2
မြိုးမြင့်ခိုင်,0,3
မြိုးမြင့်ထွန်း,0,3
မြိုးမြင့်နိုင်,0,3
မြိုးမြင့်မောင်,0,3
မြိုးမြင့်လွင်,0,3
မြိုးမြင့်ဝင်း,0,3
မြိုးမြင့်သန်း,0,3
မြိုးမြင့်သိန်း,0,3
မြိုးမြင့်အောင်,0,3
မြိုးမြင့်ဦး,0,3
မြိုးမြတ်,0,2
မြိုးရွှေ,0,2
မြိုးလင်း,0,2
မြိုးလွင်,0,2
မြိုးလွင်ဦး,0,3
မြိုးလှ,0,2
မြိုးလှိုင်,0,2
မြိုးဝင်း,0,2
မြိုးဝင်းနိုင်,0,3
မြိုးဝင်းမြင့်,0,3
မြိုးဝင်းအောင်,0,3
မြိုးဝေ,0,2
မြိုးသက်,0,2
မြိုးသန့်,0,2
မြိုးသန့်ထွန်း,0,3
မြိုးသန့်ဝင်း,0,3
မြိုးသန်း,0,2
မြိုးသိန်း,0,2
မြိုးသီဟ,0,3
မြိုးသူ,0,2
မြိုးသူရ,0,3
မြိုးသော်,0,2
မြိုးသော်ဇင်,0,3
မြိုးသွင်,0,2
မြိုးဟန်,0,2
မြိုးဟိန်း,0,2
မြိုးအောင်,0,2
မြိုးအေး,0,2
မြိုးဦး,0,2
မြ,0,1
မြကြော်,0,2
မြကြိုင်,0,2
မြကြီး,0,2
မြကြွယ်,0,2
မြခင်,0,2
မြခိုင်,0,2
မြင့်,0,1
မြင့်ကို,0,2
မြင့်ကိုကို,0,3
မြင့်ကြော်,0,2
မြင့်ကြော်ဦး,0,3
မြင့်ကြီ,0,2
မြင့်ကြိုင်,0,2
မြင့်ကြူ,0,2
မြင့်ကြွယ်,0,2
မြင့်ခင်,0,2
မြင့်ခိုင်,0,2
မြင့်ခြို,0,2
မြင့်ငြိန်း,0,2
မြင့်ငွေ,0,2
မြင့်စိန်,0,2
မြင့်စိုး,0,2
မြင့်စိုးထွန်း,0,3
မြင့်စော,0,2
မြင့်ဆန်း,0,2
မြင့်ဆောင်,0,2
မြင့်ဆွေ,0,2
မြင့်ဆွေဦး,0,3
မြင့်ဇော်,0,2
မြင့်ဇော်ဦး,0,3
မြင့်ဌေး,0,2
မြင့်တင်,0,2
မြင့်ထူး,0,2
မြင့်ထွန်း,0,2
မြင့်ထွေး,0,2
မြင့်နိုင်,0,2
မြင့်နိုင်ဦး,0,3
မြင့်နွယ်,0,2
မြင့်ဖေ,0,2
မြင့်မောင်,0,2
မြင့်မောင်မောင်,0,3
မြင့်မော်,0,2
မြင့်ရီ,0,2
မြင့်ရွှေ,0,2
မြင့်ရှိန်း,0,2
မြင့်လေး,0,2
မြင့်လွင်,0,2
မြင့်လွင်ဦး,0,3
မြင့်လှိုင်,0,2
မြင့်ဝင်း,0,2
မြင့်ဝေ,0,2
မြင့်သန်း,0,2
မြင့်သန်းဦး,0,3
မြင့်သိန်း,0,2
မြင့်သိန်းထွန်း,0,3
မြင့်သိန်းနိုင်,0,3
မြင့်သိန်းလွင်,0,3
မြင့်သိန်းဦး,0,3
မြင့်သူ,0,2
မြင့်သောင်း,0,2
မြင့်သွင်,0,2
မြင့်ဟန်,0,2
မြင့်အုံး,0,2
မြင့်အောင်,0,2
မြင့်အေး,0,2
မြင့်ဦး,0,2
မြငြိန်း,0,2
မြငွေ,0,2
မြစိန်,0,2
မြစိုင်း,0,2
မြစိုး,0,2
မြဆန်း,0,2
မြဆောင်,0,2
မြဆွေ,0,2
မြဇင်,0,2
မြဇော်,0,2
မြညွန့်,0,2
မြဌေး,0,2
မြတင်,0,2
မြတ်ကို,0,2
မြတ်ကိုကို,0,3
မြတ်ကြော်,0,2
မြတ်ခင်,0,2
မြတ်ခိုင်,0,2
မြတ်ခြိုဝင်း,0,3
မြတ်ငြိန်း,0,2
မြတ်စိုး,0,2
မြတ်ဆန်း,0,2
မြတ်ဆွေ,0,2
မြတ်ဇော်,0,2
မြတ်ဌေး,0,2
မြတ်ထက်,0,2
မြတ်ထွန်း,0,2
မြတ်ထွန်းအောင်,0,3
မြတ်ထွေး,0,2
မြတ်နိုင်,0,2
မြတ်မင်း,0,2
မြတ်မိုး,0,2
မြတ်မောင်,0,2
မြတ်လင်း,0,2
မြတ်လွင်,0,2
မြတ်ဝင်း,0,2
မြတ်သင်းအောင်,0,3
မြတ်သန်း,0,2
မြတ်သိန်း,0,2
မြတ်သိန်းထွန်း,0,3
မြတ်သူ,0,2
မြတ်သူရ,0,3
မြတ်သူအောင်,0,3
မြတ်အောင်,0,2
မြတ်ဦး,0,2
မြထူး,0,2
မြထွန်း,0,2
မြထွန်းအောင်,0,3
မြထွေး,0,2
မြဒင်,0,2
မြဖေ,0,2
မြဘု,0,2
မြမင်း,0,2
မြမောင်,0,2
မြရွှေ,0,2
မြရှိန်း,0,2
မြလင်း,0,2
မြလွင်,0,2
မြလှိုင်,0,2
မြဝင်း,0,2
မြသန်း,0,2
မြသာ,0,2
မြသိန်း,0,2
မြသီး,0,2
မြသောင်း,0,2
မြသွင်,0,2
မြသွေး,0,2
မြဟန်,0,2
မြအုံး,0,2
မြအောင်,0,2
မြအေး,0,2
မြဦး,0,2
မြိုင်,0,1
မှူးသက်ပိုင်ကြော်,0,4
ရင်,0,1
ရင်ကြီ,0,2
ရင်စိန်,0,2
ရင်ထွေး,0,2
ရင်မောင်,0,2
ရင်အောင်,0,2
ရင်အေး,0,2
ရန်ကင်း,0,2
ရန်ကြီးအောင်,0,3
ရန်ခြန်းဝင်း,0,3
ရန်စိန်,0,2
ရန်နိုင်,0,2
ရန်နိုင်စိုး,0,3
ရန်နိုင်ထွန်း,0,3
ရန်နိုင်ဝင်း,0,3
ရန်နိုင်ဦး,0,3
ရန်နိုင်ဦး,0,3
ရန်နောင်ထွန်း,0,3
ရန်နှောင်စိုး,0,3
ရန်မြိုးအောင်,0,3
ရန်ရှင်း,0,2
ရန်လင်း,0,2
ရန်လင်းအောင်,0,3
ရန်ဝင်း,0,2
ရန်သိန်း,0,2
ရန်အောင်,0,2
ရန်အေး,0,2
ရီ,0,1
ရီစိန်,0,2
ရီမြင့်,0,2
ရီဝင်း,0,2
ရဲကိုကို,0,3
ရဲကောင်း,0,2
ရဲကြော်,0,2
ရဲကြော်သူ,0,3
ရဲစိန်,0,2
ရဲစိုး,0,2
ရဲဆွေ,0,2
ရဲညွန့်,0,2
ရဲတင့်,0,2
ရဲထက်,0,2
ရဲထက်ဝင်း,0,3
ရဲထက်အောင်,0,3
ရဲထွန်း,0,2
ရဲနိုင်,0,2
ရဲနိုင်ထွန်း,0,3
ရဲနိုင်ဝင်း,0,3
ရဲနှောင်,0,2
ရဲဘုန်းဟိန်း,0,3
ရဲမင်း,0,2
ရဲမင်းထွန်း,0,3
ရဲမင်းသိန်း,0,3
ရဲမောင်,0,2
ရဲမြင့်,0,2
ရဲမြင့်စိုး,0,3
ရဲမြင့်ဆွေ,0,3
ရဲမြင့်ထွန်း,0,3
ရဲမြင့်နိုင်,0,3
ရဲမြင့်မောင်,0,3
ရဲမြင့်အောင်,0,3
ရဲမြင့်ဦး,0,3
ရဲရွှေ,0,2
ရဲလင်း,0,2
ရဲလင်းကြော်,0,3
ရဲလင်းအောင်,0,3
ရဲလွင်,0,2
ရဲလွင်ဦး,0,3
ရဲဝင့်အောင်,0,3
ရဲဝင်း,0,2
ရဲဝင်းအောင်,0,3
ရဲသိန်း,0,2
ရဲအောင်,0,2
ရွှေ,0,1
ရွှေကို,0,2
ရွှေကြော်,0,2
ရွှေကြိုင်,0,2
ရွှေငြိန်း,0,2
ရွှေစိန်,0,2
ရွှေဇင်,0,2
ရွှေညွန့်,0,2
ရွှေဌေး,0,2
ရွှေတင်,0,2
ရွှေတိုး,0,2
ရွှေထူး,0,2
ရွှေထွန်း,0,2
ရွှေဒောင်း,0,2
ရွှေနီ,0,2
ရွှေပော်,0,2
ရွှေဘ,0,2
ရွှေဘော်,0,2
ရွှေမင်း,0,2
ရွှေမန်,0,2
ရွှေမန်း,0,2
ရွှေမိုး,0,2
ရွှေမောင်,0,2
ရွှေမြ,0,2
ရွှေမြင့်,0,2
ရွှေရ,0,2
ရွှေရင်,0,2
ရွှေလင်း,0,2
ရွှေလေး,0,2
ရွှေလှ,0,2
ရွှေလှိုင်,0,2
ရွှေဝင်း,0,2
ရွှေသန်း,0,2
ရွှေသာ,0,2
ရွှေသိန်း,0,2
ရွှေသီး,0,2
ရွှေသောင်း,0,2
ရွှေသွင်,0,2
ရွှေအုံး,0,2
ရွှေအောင်,0,2
ရွှေအေး,0,2
ရှိန်းထက်ဇော်,0,3
ရှိန်း,0,1
ရှိန်းမင်း,0,2
ရှိန်းမောင်,0,2
ရှိန်းဝင်း,0,2
ရှိုင်းဇေယြာထက်,0,4
ရှိုင်းထက်အောင်,0,3
လင်း,0,1
လင်းကြီ,0,2
လင်းဆက်ပိုင်,0,3
လင်းထက်ပိုင်,0,3
လင်းထက်အောင်,0,3
လင်းထင်,0,2
လင်းနိုင်,0,2
လင်းမြတ်ကို,0,3
လင်းလင်း,0,2
လင်းဝင်း,0,2
လင်းအောင်,0,2
လူခင်,0,2
လူတင်,0,2
လူပော်,0,2
လူမင်း,0,2
လူမော်,0,2
လူအေး,0,2
လေးခိုင်,0,2
လေးတင်,0,2
လေးနိုင်,0,2
လေးဖြိုး,0,2
လေးမောင်,0,2
လေးမြင့်,0,2
လေးလွင်,0,2
လေးဝင်း,0,2
လေးအောင်,0,2
လွင်,0,1
လွင်ကြီ,0,2
လွင်စိန်,0,2
လွင်မြင့်,0,2
လွင်အောင်,0,2
လွင်ဦး,0,2
လွင်ဦး,0,2
လှ,0,1
လှကို,0,2
လှကြော်,0,2
လှကြီ,0,2
လှကြိုင်,0,2
လှကြီး,0,2
လှကြူ,0,2
လှကြွယ်,0,2
လှခင်,0,2
လှခိုင်,0,2
လှခြစ်,0,2
လှခြို,0,2
လှငြိန်း,0,2
လှငွေ,0,2
လှစိန်,0,2
လှစိုင်း,0,2
လှစိုး,0,2
လှဆင့်,0,2
လှဆန်း,0,2
လှဆောင်,0,2
လှဆွေ,0,2
လှညို,0,2
လှညွန့်,0,2
လှဌေး,0,2
လှတင်,0,2
လှတင့်,0,2
လှတိုး,0,2
လှထက်,0,2
လှထူး,0,2
လှထွန်း,0,2
လှထွန်းအောင်,0,3
လှထွန်းဦး,0,3
လှထွေး,0,2
လှဒင်,0,2
လှဒောင်း,0,2
လှနိုင်,0,2
လှနွယ်,0,2
လှပို,0,2
လှပော်,0,2
လှပြို,0,2
လှဖုန်း,0,2
လှဖေ,0,2
လှဖြိုး,0,2
လှဘော်,0,2
လှမင်း,0,2
လှမိုး,0,2
လှမိုးအောင်,0,3
လှမောင်,0,2
လှမောင်သန်း,0,3
လှမောင်သိန်း,0,3
လှမော်,0,2
လှမြိုး,0,2
လှမြိုးအောင်,0,3
လှမြင့်,0,2
လှမြင့်စိုး,0,3
လှမြင့်မောင်,0,3
လှမြင့်သိန်း,0,3
လှမြင့်အောင်,0,3
လှမြင့်ဦး,0,3
လှမြိုင်,0,2
လှရင်,0,2
လှရီ,0,2
လှရွှေ,0,2
လှရှိန်း,0,2
လှလေး,0,2
လှဝင်း,0,2
လှဝင်းဌေး,0,3
လှဝင်းအောင်,0,3
လှဝေ,0,2
လှသင်း,0,2
လှသန်း,0,2
လှသိန်း,0,2
လှသိန်းထွန်း,0,3
လှသောင်း,0,2
လှသော်,0,2
လှသွင်,0,2
လှဟန်,0,2
လှအုံး,0,2
လှအောင်,0,2
လှအေး,0,2
လှဦး,0,2
လှိုင်,0,1
လှိုင်ကြီ,0,2
လှိုင်ထွန်း,0,2
လှိုင်ဘွ,0,2
လှိုင်မင်းထွန်း,0,3
လှိုင်မြင့်,0,2
လှိုင်မြင့်ဆန်း,0,3
လှိုင်ဝင်း,0,2
လှိုင်အုံး,0,2
လှိုင်အေး,0,2
လှိုင်ဦး,0,2
ဝင်း,0,1
ဝင်းကို,0,2
ဝင်းကိုကို,0,3
ဝင်းကြော်,0,2
ဝင်းကြော်စိုး,0,3
ဝင်းကြီ,0,2
ဝင်းကြိုင်,0,2
ဝင်းကြူ,0,2
ဝင်းခင်,0,2
ဝင်းခိုင်,0,2
ဝင်းခြို,0,2
ဝင်းငွေ,0,2
ဝင်းစိန်,0,2
ဝင်းစိုး,0,2
ဝင်းဆင့်,0,2
ဝင်းဆန်း,0,2
ဝင်းဆောင်,0,2
ဝင်းဆွေ,0,2
ဝင်းဆွေဦး,0,3
ဝင်းဇော်,0,2
ဝင်းဇော်ထွန်း,0,3
ဝင်းဇော်မိုး,0,3
ဝင်းဇော်အောင်,0,3
ဝင်းဇော်ဦး,0,3
ဝင်းညွန့်,0,2
ဝင်းညွန့်ဦး,0,3
ဝင်းဌေး,0,2
ဝင်းတင်,0,2
ဝင်းတင့်,0,2
ဝင်းထက်,0,2
ဝင်းထက်အောင်,0,3
ဝင်းထိန်,0,2
ဝင်းထိုက်,0,2
ဝင်းထူး,0,2
ဝင်းထွဋ်ဝင်း,0,3
ဝင်းထွန်း,0,2
ဝင်းထွေး,0,2
ဝင်းနိုင်,0,2
ဝင်းနိုင်စိုး,0,3
ဝင်းနိုင်ဇော်,0,3
ဝင်းနိုင်ထွန်း,0,3
ဝင်းနိုင်သန့်,0,3
ဝင်းနိုင်ဦး,0,3
ဝင်းနှောင်,0,2
ဝင်းဖေ,0,2
ဝင်းဘို,0,2
ဝင်းမင်း,0,2
ဝင်းမင်းထွန်း,0,3
ဝင်းမောင်,0,2
ဝင်းမောင်မောင်,0,3
ဝင်းမော်,0,2
ဝင်းမြ,0,2
ဝင်းမြင့်,0,2
ဝင်းမြင့်ဇော်,0,3
ဝင်းမြင့်ထွန်း,0,3
ဝင်းမြင့်မောင်,0,3
ဝင်းမြင့်သန်း,0,3
ဝင်းမြင့်သိန်း,0,3
ဝင်းမြင့်အောင်,0,3
ဝင်းမြင့်ဦး,0,3
ဝင်းမြိုင်,0,2
ဝင်းရီ,0,2
ဝင်းရွှေ,0,2
ဝင်းရှိန်း,0,2
ဝင်းလက်,0,2
ဝင်းလွင်,0,2
ဝင်းလွင်ဦး,0,3
ဝင်းလှိုင်,0,2
ဝင်းသင်း,0,2
ဝင်းသန်း,0,2
ဝင်းသိန်း,0,2
ဝင်းသီ,0,2
ဝင်းသူ,0,2
ဝင်းသောင်း,0,2
ဝင်းသွင်,0,2
ဝင်းဟန်,0,2
ဝင်းဟိန်း,0,2
ဝင်းအောင်,0,2
ဝင်းအောင်ကြော်,0,3
ဝင်းအေး,0,2
ဝင်းဦး,0,2
ဝသန်ထင်လင်း,0,4
ဝေ,0,1
ဝေဇင်,0,2
ဝေဖြိုး,0,2
ဝေမင်း,0,2
ဝေမြင့်,0,2
ဝေယံ,0,2
ဝေယံထွန်း,0,3
ဝေယံမိုးမြင့်,0,4
ဝေယံအောင်,0,3
ဝေလင်း,0,2
ဝေလင်းအောင်,0,3
ဝေလွင်,0,2
သက်,0,1
သက်ခိုင်,0,2
သက်စိုး,0,2
သက်ဆွေ,0,2
သက်ဇင်,0,2
သက်ဇော်,0,2
သက်ညွန့်,0,2
သက်တင်,0,2
သက်ထွန်း,0,2
သက်ထွန်းအောင်,0,3
သက်ထွန်းဦး,0,3
သက်နိုင်,0,2
သက်နိုင်စိုး,0,3
သက်နိုင်ထွန်း,0,3
သက်နိုင်ဝင်း,0,3
သက်နိုင်ဦး,0,3
သက်နှောင်,0,2
သက်မင်း,0,2
သက်မောင်,0,2
သက်မော်,0,2
သက်မြင့်,0,2
သက်ရှီ,0,2
သက်လင်း,0,2
သက်လွင်,0,2
သက်လွင်ဦး,0,3
သက်လှိုင်,0,2
သက်ဝင်း,0,2
သက်ဝင်းလှိုင်,0,3
သက်ဝေ,0,2
သက်ဝေယံ,0,3
သက်အောင်,0,2
သက်ဦး,0,2
သင်း,0,1
သင်းမောင်,0,2
သင်းလှိုင်,0,2
သင်းအောင်,0,2
သန့်ဇင်,0,2
သန့်ဇင်ထွန်း,0,3
သန့်ဇင်ဝင်း,0,3
သန့်ဇင်အောင်,0,3
သန့်,0,1
သန့်ဆင်,0,2
သန့်ဇင်,0,2
သန့်ဇင်ကြော်,0,3
သန့်ဇင်ထွန်း,0,3
သန့်ဇင်အောင်,0,3
သန့်ဇင်ဦး,0,3
သန့်ဇော်,0,2
သန့်ဇော်ရွှေ,0,3
သန့်ဇော်ဦး,0,3
သန့်လွင်,0,2
သန်း,0,1
သန်းကို,0,2
သန်းကိုကို,0,3
သန်းကြော်,0,2
သန်းကြော်ဌေး,0,3
သန်းကြော်ဦး,0,3
သန်းကြိုင်,0,2
သန်းကြွယ်,0,2
သန်းခင်,0,2
သန်းခြစ်,0,2
သန်းခြောင်း,0,2
သန်းငြိန်း,0,2
သန်းငွေ,0,2
သန်းစိန်,0,2
သန်းစိုင်း,0,2
သန်းစိုး,0,2
သန်းစိုးဦး,0,3
သန်းစော,0,2
သန်းဆုနိုင်,0,3
သန်းဆောင်,0,2
သန်းဆွေ,0,2
သန်းဆွေဦး,0,3
သန်းဇင်,0,2
သန်းဇော်,0,2
သန်းဇော်ထွန်း,0,3
သန်းဇော်ဝင်း,0,3
သန်းဇော်ဦး,0,3
သန်းညွန့်,0,2
သန်းဌေး,0,2
သန်းဌေးလွင်,0,3
သန်းဌေးအောင်,0,3
သန်းတင်,0,2
သန်းတင့်,0,2
သန်းတိုး,0,2
သန်းထက်,0,2
သန်းထက်အောင်,0,3
သန်းထက်ဦး,0,3
သန်းထိုက်,0,2
သန်းထိုက်စိုး,0,3
သန်းထိုက်အောင်,0,3
သန်းထိုက်ဦး,0,3
သန်းထူး,0,2
သန်းထွန်း,0,2
သန်းထွန်းလေး,0,3
သန်းထွန်းဝင်း,0,3
သန်းထွန်းအောင်,0,3
သန်းထွန်းအေး,0,3
သန်းထွန်းဦး,0,3
သန်းထွေး,0,2
သန်းဒိုင်,0,2
သန်းနိုင်,0,2
သန်းနိုင်ထွန်း,0,3
သန်းနိုင်ဝင်း,0,3
သန်းနိုင်အောင်,0,3
သန်းနိုင်ဦး,0,3
သန်းနွယ်,0,2
သန်းပို,0,2
သန်းဖေ,0,2
သန်းမင်း,0,2
သန်းမောင်,0,2
သန်းမြ,0,2
သန်းမြင့်,0,2
သန်းမြင့်ဦး,0,3
သန်းမြိုင်,0,2
သန်းရီ,0,2
သန်းရွှေ,0,2
သန်းရှိန်း,0,2
သန်းလင်း,0,2
သန်းလုံး,0,2
သန်းလေး,0,2
သန်းလွင်,0,2
သန်းလွင်အောင်,0,3
သန်းလှ,0,2
သန်းလှိုင်,0,2
သန်းလှိုင်ဦး,0,3
သန်းဝင်း,0,2
သန်းဝင်းနိုင်,0,3
သန်းဝင်းအောင်,0,3
သန်းဝေ,0,2
သန်းဟန်,0,2
သန်းအုံး,0,2
သန်းအောင်,0,2
သန်းအေး,0,2
သန်းဦး,0,2
သာကြော်,0,2
သာခင်,0,2
သာခြို,0,2
သာငြိန်း,0,2
သာစိန်,0,2
သာဆန်း,0,2
သာဇန်,0,2
သာညန်,0,2
သာညွန့်,0,2
သာဌေး,0,2
သာတိုး,0,2
သာထွန်း,0,2
သာထွန်းအောင်,0,3
သာထွန်းအေး,0,3
သာထွန်းဦး,0,3
သာဒင်,0,2
သာဒိုး,0,2
သာဒွန်း,0,2
သာဓု,0,2
သာနိုး,0,2
သာနိုးအောင်,0,3
သာမောင်,0,2
သာမြင့်,0,2
သာရင်,0,2
သာလှ,0,2
သာလှိုင်,0,2
သာဝင်း,0,2
သာဟန်,0,2
သာအောင်,0,2
သာအေး,0,2
သာဦး,0,2
သိန်း,0,1
သိန်းကို,0,2
သိန်းကြော်,0,2
သိန်းကြီ,0,2
သိန်းကြွယ်,0,2
သိန်းခြို,0,2
သိန်းငွေ,0,2
သိန်းစိန်,0,2
သိန်းစိုင်း,0,2
သိန်းစိုး,0,2
သိန်းစော,0,2
သိန်းဆင့်,0,2
သိန်းဆန်း,0,2
သိန်းဆု,0,2
သိန်းဆောင်,0,2
သိန်းဆွေ,0,2
သိန်းဇန်,0,2
သိန်းဇော်,0,2
သိန်းဇော်ထွန်း,0,3
သိန်းဇော်မြင့်,0,3
သိန်းဇော်ဝင်း,0,3
သိန်းဇော်ဦး,0,3
သိန်းညို,0,2
သိန်းညွန့်,0,2
သိန်းဌေး,0,2
သိန်းဌေးအောင်,0,3
သိန်းဌေးဦး,0,3
သိန်းတင်,0,2
သိန်းတိုး,0,2
သိန်းထက်,0,2
သိန်းထိုက်,0,2
သိန်းထူး,0,2
သိန်းထွန်း,0,2
သိန်းထွန်းဝင်း,0,3
သိန်းထွန်းအောင်,0,3
သိန်းထွန်းအေး,0,3
သိန်းထွန်းဦး,0,3
သိန်းထွေး,0,2
သိန်းဒန်,0,2
သိန်းနိုင်,0,2
သိန်းနိုင်ဦး,0,3
သိန်းနွယ်,0,2
သိန်းဖေ,0,2
သိန်းမင်း,0,2
သိန်းမောင်,0,2
သိန်းမော်,0,2
သိန်းမြင့်,0,2
သိန်းမြင့်ထွန်း,0,3
သိန်းမြင့်ဦး,0,3
သိန်းမြိုင်,0,2
သိန်းရွှေ,0,2
သိန်းလင်း,0,2
သိန်းလွင်,0,2
သိန်းလှ,0,2
သိန်းလှိုင်,0,2
သိန်းဝင်း,0,2
သိန်းဝေ,0,2
သိန်းသန်း,0,2
သိန်းသံ,0,2
သိန်းဟန်,0,2
သိန်းဟုတ်,0,2
သိန်းအောင်,0,2
သိန်းအေး,0,2
သိန်းဦး,0,2
သိုက်,0,1
သိုက်ထွန်း,0,2
သီလှ,0,2
သီဟ,0,2
သီဟစီသူ,0,4
သီဟဇော်,0,3
သီဟတင်စိုး,0,4
သီဟထွန်း,0,3
သီဟန်,0,2
သီဟသူ,0,3
သီဟအောင်,0,3
သုခ,0,2
သုတဇော်,0,3
သူရ,0,2
သူရစိုး,0,3
သူရဇော်,0,3
သူရထွန်း,0,3
သူရလွင်,0,3
သူရအောင်,0,3
သူရိန်,0,2
သူရိန်ထွန်း,0,3
သူရိန်မင်းဇင်,0,4
သူရိန်ဝင်း,0,3
သောင်း,0,1
သောင်းကြော်,0,2
သောင်းကြီ,0,2
သောင်းကြွယ်,0,2
သောင်းခင်,0,2
သောင်းငြိန်း,0,2
သောင်းငွေ,0,2
သောင်းစိန်,0,2
သောင်းစိုး,0,2
သောင်းဆွေ,0,2
သောင်းညန်,0,2
သောင်းညွန့်,0,2
သောင်းဌေး,0,2
သောင်းတင်,0,2
သောင်းတင့်,0,2
သောင်းထက်,0,2
သောင်းထိုက်,0,2
သောင်းထွန်း,0,2
သောင်းနိုင်,0,2
သောင်းဖေ,0,2
သောင်းမြ,0,2
သောင်းမြင့်,0,2
သောင်းရင်,0,2
သောင်းရွှေ,0,2
သောင်းရှိန်း,0,2
သောင်းလင်း,0,2
သောင်းလွင်,0,2
သောင်းလှ,0,2
သောင်းလှိုင်,0,2
သောင်းဝင်း,0,2
သောင်းဝေ,0,2
သောင်းသံ,0,2
သောင်းဟန်,0,2
သောင်းအေး,0,2
သောင်းဦး,0,2
သော်,0,1
သော်က,0,2
သော်ဇင်,0,2
သော်ဇင်မြိုး,0,3
သော်ဇင်ဟိန်း,0,3
သော်ဇေယြာ,0,3
သွင်,0,1
သွင်လင်း,0,2
ဟန်,0,1
ဟန်ကြီ,0,2
ဟန်ငြိန်း,0,2
ဟန်စိန်,0,2
ဟန်စိုင်း,0,2
ဟန်စိုး,0,2
ဟန်ဇော်,0,2
ဟန်ညွန့်,0,2
ဟန်ဌေး,0,2
ဟန်တင်,0,2
ဟန်တင့်,0,2
ဟန်ထူးဇော်,0,3
ဟန်ထွန်း,0,2
ဟန်ထွန်းအောင်,0,3
ဟန်ပြည့်စုံ,0,3
ဟန်မင်းထွန်း,0,3
ဟန်မောင်,0,2
ဟန်မြိုးအောင်,0,3
ဟန်မြင့်,0,2
ဟန်ရင်,0,2
ဟန်ရီ,0,2
ဟန်ရွှေ,0,2
ဟန်ရှင်း,0,2
ဟန်ရှိန်း,0,2
ဟန်လင်း,0,2
ဟန်လင်းဇော်,0,3
ဟန်ဝင်း,0,2
ဟန်ဝင်းအောင်,0,3
ဟန်သာ,0,2
ဟန်သိန်း,0,2
ဟန်သောင်း,0,2
ဟန်အေး,0,2
ဟိန်းခန့်ကို,0,3
ဟိန်းခန့်အောင်,0,3
ဟိန်းဇေထက်,0,3
ဟိန်းဇေယြာ,0,3
ဟိန်းဇော်ခန့်,0,3
ဟိန်းတေဇာအောင်,0,4
ဟိန်းထက်,0,2
ဟိန်းထက်စိုး,0,3
ဟိန်းထက်မင်းသူ,0,4
ဟိန်းထက်လင်း,0,3
ဟိန်းထက်အောင်,0,3
ဟိန်းထက်ဦး,0,3
ဟိန်းပြည့်စုံ,0,3
ဟိန်းမင်းထက်,0,3
ဟိန်းမင်းသန့်,0,3
ဟိန်းမင်းအောင်,0,3
ဟိန်းမြတ်,0,2
ဟိန်းဝင်းထွဋ်,0,3
ဟိန်းသူကြော်,0,3
ဟုတ်,0,1
ဟုတ်ကြီ,0,2
ဟုတ်ကြိုင်,0,2
ဟုတ်စိန်,0,2
ဟုတ်ဆန်း,0,2
ဟုတ်ရှိန်း,0,2
ဟုတ်လှိုင်,0,2
ဟုတ်ဝန်,0,2
အငဲ,0,2
အာကာကြီး,0,3
အာကာငြိန်းခြန်း,0,4
အာကာထွန်း,0,3
အာကာဖြိုး,0,3
အာကာမောင်မောင်,0,4
အာကာလင်း,0,3
အာကာအောင်,0,3
အာကာဦး,0,3
အိကြို,0,2
အိတင်,0,2
အိမောင်,0,2
အုံး,0,1
အုံးကြော်,0,2
အုံးကြိုင်,0,2
အုံးကြွယ်,0,2
အုံးခင်,0,2
အုံးခိုင်,0,2
အုံးငွေ,0,2
အုံးစိန်,0,2
အုံးစိုင်း,0,2
အုံးညွန့်,0,2
အုံးတင်,0,2
အုံးထွန်း,0,2
အုံးဖေ,0,2
အုံးမောင်,0,2
အုံးမြ,0,2
အုံးမြင့်,0,2
အုံးမြိုင်,0,2
အုံးရီ,0,2
အုံးရွှေ,0,2
အုံးရှိန်း,0,2
အုံးလွင်,0,2
အုံးလှိုင်,0,2
အုံးဝင်း,0,2
အုံးသန်း,0,2
အုံးသိန်း,0,2
အုံးသောင်း,0,2
အုံးသော်,0,2
အုံးသွင်,0,2
အုံးဟန်,0,2
အောင်,0,1
အောင်ကို,0,2
အောင်ကိုကို,0,3
အောင်ကိုမင်း,0,3
အောင်ကိုလက်,0,3
အောင်ကိုဝင်း,0,3
အောင်ကိုဦး,0,3
အောင်ကောင်းခန့်,0,3
အောင်ကောင်းထက်,0,3
အောင်ကောင်းမြင့်,0,3
အောင်ကောင်းမြတ်,0,3
အောင်ကြော်,0,2
အောင်ကြော်ကြော်,0,3
အောင်ကြော်ခိုင်,0,3
အောင်ကြော်စိန်,0,3
အောင်ကြော်စိုး,0,3
အောင်ကြော်ဆင့်,0,3
အောင်ကြော်ဆန်း,0,3
အောင်ကြော်ဇန်,0,3
အောင်ကြော်ဇော်,0,3
အောင်ကြော်ညွန့်,0,3
အောင်ကြော်ဌေး,0,3
အောင်ကြော်တင့်,0,3
အောင်ကြော်ထူး,0,3
အောင်ကြော်ထွန်း,0,3
အောင်ကြော်နိုင်,0,3
အောင်ကြော်မင်း,0,3
အောင်ကြော်မိုး,0,3
အောင်ကြော်မြင့်,0,3
အောင်ကြော်လင်း,0,3
အောင်ကြော်လွင်,0,3
အောင်ကြော်ဝင်း,0,3
အောင်ကြော်သက်,0,3
အောင်ကြော်သန်း,0,3
အောင်ကြော်သိန်း,0,3
အောင်ကြော်သူ,0,3
အောင်ကြော်ဟိန်း,0,3
အောင်ကြော်ဦး,0,3
အောင်ကြီ,0,2
အောင်ကြီမြင့်,0,3
အောင်ကြီဝင်း,0,3
အောင်ကြီသိန်း,0,3
အောင်ကြိုင်,0,2
အောင်ကြီး,0,2
အောင်ကြွယ်,0,2
အောင်ခ,0,2
အောင်ခင်,0,2
အောင်ခင်စိုး,0,3
အောင်ခင်ဆင့်,0,3
အောင်ခင်ဇော်,0,3
အောင်ခန့်,0,2
အောင်ခန့်,0,2
အောင်ခိုင်,0,2
အောင်ခိုင်ခန့်,0,3
အောင်ခိုင်ဝင်း,0,3
အောင်ခိုင်ဦး,0,3
အောင်ခြစ်,0,2
အောင်ခြစ်စံ,0,3
အောင်ခြန်း,0,2
အောင်ခြန်းငြိန်း,0,3
အောင်ခြန်းမြေ့ငြိန်း,0,4
အောင်ခြို,0,2
အောင်ခြိုဦး,0,3
အောင်ခြွန်,0,2
အောင်ခြိန်း,0,2
အောင်ငြိန်း,0,2
အောင်ငြိန်းခြန်း,0,3
အောင်ငွေ,0,2
အောင်ငွေစိုး,0,3
အောင်စစ်ပိုင်မှူး,0,4
အောင်စီ,0,2
အောင်စိန်,0,2
အောင်စိန်ထွန်း,0,3
အောင်စိုး,0,2
အောင်စိုးမင်း,0,3
အောင်စိုးမိုး,0,3
အောင်စိုးမြင့်,0,3
အောင်စိုးလင်း,0,3
အောင်စိုးလွင်,0,3
အောင်စိုးဝင်း,0,3
အောင်စိုးသိန်း,0,3
အောင်စိုးဦး,0,3
အောင်စော,0,2
အောင်ဆက်,0,2
အောင်ဆင့်,0,2
အောင်ဆန်း,0,2
အောင်ဆန်းထွန်း,0,3
အောင်ဆန်းမြင့်,0,3
အောင်ဆန်းလွင်,0,3
အောင်ဆန်းဝင်း,0,3
အောင်ဆန်းဦး,0,3
အောင်ဆွေ,0,2
အောင်ဆွေမြင့်,0,3
အောင်ဆွေဦး,0,3
အောင်ဇင်,0,2
အောင်ဇင်မိုး,0,3
အောင်ဇေယြကြော်,0,4
အောင်ဇေယြာ,0,3
အောင်ဇေယြာကြော်,0,4
အောင်ဇေယြာသော်,0,4
အောင်ဇော်,0,2
အောင်ဇော်စိုး,0,3
အောင်ဇော်ထွန်း,0,3
အောင်ဇော်နိုင်,0,3
အောင်ဇော်ပိုင်,0,3
အောင်ဇော်မင်း,0,3
အောင်ဇော်မိုး,0,3
အောင်ဇော်မြိုး,0,3
အောင်ဇော်မြင့်,0,3
အောင်ဇော်ရဲမြင့်,0,4
အောင်ဇော်လက်,0,3
အောင်ဇော်လင်း,0,3
အောင်ဇော်လွင်,0,3
အောင်ဇော်ဝင်း,0,3
အောင်ဇော်ဦး,0,3
အောင်ညီညီထွန်း,0,4
အောင်ညွန့်,0,2
အောင်ဌေး,0,2
အောင်ဌေးလွင်,0,3
အောင်ဌေးဝင်း,0,3
အောင်ဌေးဦး,0,3
အောင်တင်,0,2
အောင်တင်စိုး,0,3
အောင်တင်ထွန်း,0,3
အောင်တင်မြင့်,0,3
အောင်တင်ဝင်း,0,3
အောင်တင်ဦး,0,3
အောင်တင့်,0,2
အောင်တိုး,0,2
အောင်ထက်,0,2
အောင်ထက်နိုင်,0,3
အောင်ထိုက်,0,2
အောင်ထူး,0,2
အောင်ထွဋ်ကြော်,0,3
အောင်ထွဋ်ဝင်း,0,3
အောင်ထွန်း,0,2
အောင်ထွန်းကြော်,0,3
အောင်ထွန်းကြီ,0,3
အောင်ထွန်းနိုင်,0,3
အောင်ထွန်းမြင့်,0,3
အောင်ထွန်းလင်း,0,3
အောင်ထွန်းဝင်း,0,3
အောင်ထွန်းဦး,0,3
အောင်ထွေး,0,2
အောင်ဒင်,0,2
အောင်နိုင်,0,2
အောင်နိုင်စိုး,0,3
အောင်နိုင်ထွန်း,0,3
အောင်နိုင်ထွေး,0,3
အောင်နိုင်ဖြိုး,0,3
အောင်နိုင်မိုး,0,3
အောင်နိုင်မြင့်,0,3
အောင်နိုင်လင်း,0,3
အောင်နိုင်ဝင်း,0,3
အောင်နိုင်သူ,0,3
အောင်နိုင်ဦး,0,3
အောင်ပန်,0,2
အောင်ပိုင်,0,2
အောင်ပိုင်ဘို,0,3
အောင်ပြည့်,0,2
အောင်ပြည့်ကြော်,0,3
အောင်ပြည့်ငြိန်း,0,3
အောင်ပြည့်ဖြိုး,0,3
အောင်ပြေဆုန်,0,3
အောင်ဖုန်း,0,2
အောင်ဖေ,0,2
အောင်ဖြိုး,0,2
အောင်ဖြိုးကြော်,0,3
အောင်ဖြိုးဇော်,0,3
အောင်ဖြိုးဝေ,0,3
အောင်ဘ,0,2
အောင်ဘို,0,2
အောင်ဘိုဘို,0,3
အောင်ဘိုဘိုကြော်,0,4
အောင်ဘုန်းကြော်,0,3
အောင်ဘော်,0,2
အောင်မင်း,0,2
အောင်မင်းခန့်,0,3
အောင်မင်းဇော်,0,3
အောင်မင်းထွန်း,0,3
အောင်မင်းနိုင်,0,3
အောင်မင်းသိန်း,0,3
အောင်မင်းဦး,0,3
အောင်မိုး,0,2
အောင်မိုးကြော်,0,3
အောင်မိုးမြင့်,0,3
အောင်မိုးဝင်း,0,3
အောင်မုန်,0,2
အောင်မောင်,0,2
အောင်မော်,0,2
အောင်မော်လွင်,0,3
အောင်မော်သိန်း,0,3
အောင်မြိုး,0,2
အောင်မြိုးကြော်,0,3
အောင်မြိုးခိုင်,0,3
အောင်မြိုးဇော်,0,3
အောင်မြိုးထက်,0,3
အောင်မြိုးထွန်း,0,3
အောင်မြိုးနိုင်,0,3
အောင်မြိုးမင်း,0,3
အောင်မြိုးမြင့်,0,3
အောင်မြိုးလွင်,0,3
အောင်မြိုးဝင်း,0,3
အောင်မြိုးသန့်,0,3
အောင်မြိုးသိန်း,0,3
အောင်မြိုးသူ,0,3
အောင်မြိုးဟိန်း,0,3
အောင်မြိုးဦး,0,3
အောင်မြ,0,2
အောင်မြင့်ဇော်,0,3
အောင်မြင့်ထွန်း,0,3
အောင်မြင့်မြတ်,0,3
အောင်မြင့်မြတ်ကြော်,0,4
အောင်မြင်,0,2
အောင်မြင်သူကြော်,0,4
အောင်မြင့်,0,2
အောင်မြင့်ကြော်,0,3
အောင်မြင့်ကြီ,0,3
အောင်မြင့်စိန်,0,3
အောင်မြင့်စိုး,0,3
အောင်မြင့်ဆွေ,0,3
အောင်မြင့်ဌေး,0,3
အောင်မြင့်ထွန်း,0,3
အောင်မြင့်နိုင်,0,3
အောင်မြင့်မောင်,0,3
အောင်မြင့်ရွှေ,0,3
အောင်မြင့်သန်း,0,3
အောင်မြင့်သိန်း,0,3
အောင်မြင့်ဦး,0,3
အောင်မြတ်,0,2
အောင်မြတ်ကိုကို,0,4
အောင်မြတ်ကြော်,0,3
အောင်မြတ်စိုး,0,3
အောင်မြတ်မင်း,0,3
အောင်မြတ်သူ,0,3
အောင်မြတ်ဦး,0,3
အောင်မြိုင်,0,2
အောင်မွန်,0,2
အောင်ယုလှိုင်,0,3
အောင်ရင်,0,2
အောင်ရီ,0,2
အောင်ရွှေ,0,2
အောင်ရွှေထွန်း,0,3
အောင်ရှန်း,0,2
အောင်ရှိန်း,0,2
အောင်လက်,0,2
အောင်လင်း,0,2
အောင်လင်းဦး,0,3
အောင်လေး,0,2
အောင်လွင်,0,2
အောင်လွင်ဦး,0,3
အောင်လှ,0,2
အောင်လှထွန်း,0,3
အောင်လှိုင်,0,2
အောင်ဝင်း,0,2
အောင်ဝင်းခိုင်,0,3
အောင်ဝင်းဇော်,0,3
အောင်ဝင်းထွန်း,0,3
အောင်ဝင်းနိုင်,0,3
အောင်ဝင်းလှိုင်,0,3
အောင်ဝင်းသိန်း,0,3
အောင်ဝင်းဦး,0,3
အောင်သက်,0,2
အောင်သက်ပိုင်,0,3
အောင်သက်ဦး,0,3
အောင်သင်း,0,2
အောင်သစ်,0,2
အောင်သန့်,0,2
အောင်သန်း,0,2
အောင်သန်းစိန်,0,3
အောင်သန်းဇော်,0,3
အောင်သန်းညွန့်,0,3
အောင်သန်းဌေး,0,3
အောင်သန်းထွန်း,0,3
အောင်သန်းမြင့်,0,3
အောင်သန်းလွင်,0,3
အောင်သန်းဝင်း,0,3
အောင်သန်းဦး,0,3
အောင်သာ,0,2
အောင်သာကြော်,0,3
အောင်သာထွန်း,0,3
အောင်သိန်း,0,2
အောင်သိန်းထွန်း,0,3
အောင်သိန်းမြင့်,0,3
အောင်သိန်းဝင်း,0,3
အောင်သိန်းဟန်,0,3
အောင်သိန်းဦး,0,3
အောင်သိုက်,0,2
အောင်သူ,0,2
အောင်သူထွန်း,0,3
အောင်သူပိုင်,0,3
အောင်သူမြင့်,0,3
အောင်သူရ,0,3
အောင်သူရထွန်း,0,4
အောင်သောင်း,0,2
အောင်သော်,0,2
အောင်သွင်,0,2
အောင်ဟန်,0,2
အောင်ဟိန်း,0,2
အောင်ဟိန်းခန့်,0,3
အောင်ဟိန်းဆက်,0,3
အောင်အောင်,0,2
အောင်အောင်စိုး,0,3
အောင်အောင်လွင်,0,3
အောင်အောင်ဦး,0,3
အောင်အေး,0,2
အောင်ဦး,0,2
အောင်းဟိန်းမြတ်,0,3
အေး,0,1
အေးကို,0,2
အေးကိုကို,0,3
အေးကြော်,0,2
အေးကြီ,0,2
အေးကြန်း,0,2
အေးကြိုင်,0,2
အေးကြူ,0,2
အေးကြွယ်,0,2
အေးခိုင်,0,2
အေးခြစ်,0,2
အေးခြန်း,0,2
အေးခြန်းအောင်,0,3
အေးခြို,0,2
အေးငြိန်း,0,2
အေးငွေ,0,2
အေးစိန်,0,2
အေးစိုး,0,2
အေးဆန်း,0,2
အေးဆောင်,0,2
အေးဆွေ,0,2
အေးဇော်,0,2
အေးညွန့်,0,2
အေးတင်,0,2
အေးထွန်း,0,2
အေးနိုင်,0,2
အေးပို,0,2
အေးဖေ,0,2
အေးမင်း,0,2
အေးမင်းခြို,0,3
အေးမင်းစိုး,0,3
အေးမင်းထွန်း,0,3
အေးမင်းဦး,0,3
အေးမင်းဦး,0,3
အေးမူ,0,2
အေးမောင်,0,2
အေးမော်,0,2
အေးမြင့်,0,2
အေးရွှေ,0,2
အေးလွင်,0,2
အေးလှိုင်,0,2
အေးဝင်း,0,2
အေးသန့်,0,2
အေးသန်း,0,2
အေးသိန်း,0,2
အေးသိုက်,0,2
အေးသောင်း,0,2
အေးသော်,0,2
အေးသွင်,0,2
အေးသွေး,0,2
အေးဟန်,0,2
အေးအောင်,0,2
အေးအေး,0,2
ဥက္ကာစိုးခန့်,0,4
ဦးမောင်,0,2
ဦးမြင့်,0,2
